scenario,distribution,implementation,n,trial,seed,operations,elapsed_ns,ns_per_op,height,estimated_bytes,checksum
build,sorted,sorted_vector,250,0,262185559,250,5167,20.668000,,16022,11848659040478790818
build,sorted,red_black_tree,250,0,262185559,250,6250,25.000000,13,18104,11848659040478790818
build,sorted,ordinary_bst,250,0,262185559,250,37292,149.168000,250,16024,11848659040478790818
build,sorted,sorted_vector,250,1,262185815,250,3459,13.836000,,16022,11848659040478790818
build,sorted,red_black_tree,250,1,262185815,250,5667,22.668000,13,18104,11848659040478790818
build,sorted,ordinary_bst,250,1,262185815,250,37083,148.332000,250,16024,11848659040478790818
build,sorted,ordinary_bst,250,2,262186071,250,36958,147.832000,250,16024,11848659040478790818
build,sorted,sorted_vector,250,2,262186071,250,3083,12.332000,,16022,11848659040478790818
build,sorted,red_black_tree,250,2,262186071,250,5167,20.668000,13,18104,11848659040478790818
build,sorted,red_black_tree,250,3,262186327,250,5000,20.000000,13,18104,11848659040478790818
build,sorted,sorted_vector,250,3,262186327,250,3042,12.168000,,16022,11848659040478790818
build,sorted,ordinary_bst,250,3,262186327,250,26542,106.168000,250,16024,11848659040478790818
build,sorted,ordinary_bst,250,4,262186583,250,26208,104.832000,250,16024,11848659040478790818
build,sorted,sorted_vector,250,4,262186583,250,2917,11.668000,,16022,11848659040478790818
build,sorted,red_black_tree,250,4,262186583,250,5083,20.332000,13,18104,11848659040478790818
build,sorted,red_black_tree,250,5,262186839,250,5000,20.000000,13,18104,11848659040478790818
build,sorted,sorted_vector,250,5,262186839,250,4334,17.336000,,16022,11848659040478790818
build,sorted,ordinary_bst,250,5,262186839,250,26083,104.332000,250,16024,11848659040478790818
build,sorted,ordinary_bst,250,6,262187095,250,26209,104.836000,250,16024,11848659040478790818
build,sorted,sorted_vector,250,6,262187095,250,3250,13.000000,,16022,11848659040478790818
build,sorted,red_black_tree,250,6,262187095,250,18209,72.836000,13,18104,11848659040478790818
lookup,sorted,red_black_tree,250,0,262185516,250,16375,65.500000,13,18104,7102893509534237680
lookup,sorted,ordinary_bst,250,0,262185516,250,55750,223.000000,250,16024,7102893509534237680
lookup,sorted,sorted_vector,250,0,262185516,250,14417,57.668000,,16022,7102893509534237680
lookup,sorted,red_black_tree,250,1,262185772,250,16000,64.000000,13,18104,10787009149341833075
lookup,sorted,sorted_vector,250,1,262185772,250,14292,57.168000,,16022,10787009149341833075
lookup,sorted,ordinary_bst,250,1,262185772,250,18209,72.836000,250,16024,10787009149341833075
lookup,sorted,ordinary_bst,250,2,262186028,250,17708,70.832000,250,16024,16806857857950414861
lookup,sorted,sorted_vector,250,2,262186028,250,7833,31.332000,,16022,16806857857950414861
lookup,sorted,red_black_tree,250,2,262186028,250,9291,37.164000,13,18104,16806857857950414861
lookup,sorted,red_black_tree,250,3,262186284,250,6416,25.664000,13,18104,13125907713969982048
lookup,sorted,sorted_vector,250,3,262186284,250,5667,22.668000,,16022,13125907713969982048
lookup,sorted,ordinary_bst,250,3,262186284,250,17834,71.336000,250,16024,13125907713969982048
lookup,sorted,sorted_vector,250,4,262186540,250,5625,22.500000,,16022,16383507200223199690
lookup,sorted,red_black_tree,250,4,262186540,250,6334,25.336000,13,18104,16383507200223199690
lookup,sorted,ordinary_bst,250,4,262186540,250,19417,77.668000,250,16024,16383507200223199690
lookup,sorted,sorted_vector,250,5,262186796,250,7875,31.500000,,16022,6245426672661515401
lookup,sorted,red_black_tree,250,5,262186796,250,8875,35.500000,13,18104,6245426672661515401
lookup,sorted,ordinary_bst,250,5,262186796,250,21042,84.168000,250,16024,6245426672661515401
lookup,sorted,ordinary_bst,250,6,262187052,250,18125,72.500000,250,16024,3253250454656263291
lookup,sorted,sorted_vector,250,6,262187052,250,5917,23.668000,,16022,3253250454656263291
lookup,sorted,red_black_tree,250,6,262187052,250,9292,37.168000,13,18104,3253250454656263291
build,random,red_black_tree,250,0,262185552,250,11875,47.500000,10,18104,11848659040478790818
build,random,ordinary_bst,250,0,262185552,250,9958,39.832000,18,16024,11848659040478790818
build,random,sorted_vector,250,0,262185552,250,17167,68.668000,,16022,11848659040478790818
build,random,ordinary_bst,250,1,262185808,250,9750,39.000000,13,16024,11848659040478790818
build,random,sorted_vector,250,1,262185808,250,18250,73.000000,,16022,11848659040478790818
build,random,red_black_tree,250,1,262185808,250,12333,49.332000,10,18104,11848659040478790818
build,random,sorted_vector,250,2,262186064,250,18250,73.000000,,16022,11848659040478790818
build,random,ordinary_bst,250,2,262186064,250,9291,37.164000,18,16024,11848659040478790818
build,random,red_black_tree,250,2,262186064,250,12333,49.332000,10,18104,11848659040478790818
build,random,red_black_tree,250,3,262186320,250,11958,47.832000,10,18104,11848659040478790818
build,random,ordinary_bst,250,3,262186320,250,10125,40.500000,16,16024,11848659040478790818
build,random,sorted_vector,250,3,262186320,250,17625,70.500000,,16022,11848659040478790818
build,random,ordinary_bst,250,4,262186576,250,20041,80.164000,16,16024,11848659040478790818
build,random,sorted_vector,250,4,262186576,250,39750,159.000000,,16022,11848659040478790818
build,random,red_black_tree,250,4,262186576,250,26125,104.500000,10,18104,11848659040478790818
build,random,red_black_tree,250,5,262186832,250,25792,103.168000,9,18104,11848659040478790818
build,random,sorted_vector,250,5,262186832,250,37333,149.332000,,16022,11848659040478790818
build,random,ordinary_bst,250,5,262186832,250,20125,80.500000,20,16024,11848659040478790818
build,random,red_black_tree,250,6,262187088,250,25375,101.500000,10,18104,11848659040478790818
build,random,ordinary_bst,250,6,262187088,250,20542,82.168000,18,16024,11848659040478790818
build,random,sorted_vector,250,6,262187088,250,38500,154.000000,,16022,11848659040478790818
lookup,random,ordinary_bst,250,0,262185517,250,15666,62.664000,17,16024,3213203379833004646
lookup,random,sorted_vector,250,0,262185517,250,11750,47.000000,,16022,3213203379833004646
lookup,random,red_black_tree,250,0,262185517,250,14458,57.832000,10,18104,3213203379833004646
lookup,random,ordinary_bst,250,1,262185773,250,14292,57.168000,17,16024,9484351791742728227
lookup,random,sorted_vector,250,1,262185773,250,12792,51.168000,,16022,9484351791742728227
lookup,random,red_black_tree,250,1,262185773,250,14125,56.500000,10,18104,9484351791742728227
lookup,random,ordinary_bst,250,2,262186029,250,15417,61.668000,21,16024,7971681663381420854
lookup,random,red_black_tree,250,2,262186029,250,14708,58.832000,10,18104,7971681663381420854
lookup,random,sorted_vector,250,2,262186029,250,11833,47.332000,,16022,7971681663381420854
lookup,random,ordinary_bst,250,3,262186285,250,14958,59.832000,15,16024,2188661299650394144
lookup,random,red_black_tree,250,3,262186285,250,14458,57.832000,10,18104,2188661299650394144
lookup,random,sorted_vector,250,3,262186285,250,12375,49.500000,,16022,2188661299650394144
lookup,random,red_black_tree,250,4,262186541,250,14792,59.168000,10,18104,5039523400644762390
lookup,random,sorted_vector,250,4,262186541,250,11750,47.000000,,16022,5039523400644762390
lookup,random,ordinary_bst,250,4,262186541,250,15458,61.832000,20,16024,5039523400644762390
lookup,random,red_black_tree,250,5,262186797,250,14209,56.836000,9,18104,11766269248642779097
lookup,random,ordinary_bst,250,5,262186797,250,14334,57.336000,15,16024,11766269248642779097
lookup,random,sorted_vector,250,5,262186797,250,12416,49.664000,,16022,11766269248642779097
lookup,random,sorted_vector,250,6,262187053,250,11916,47.664000,,16022,17404748491178090748
lookup,random,ordinary_bst,250,6,262187053,250,14833,59.332000,15,16024,17404748491178090748
lookup,random,red_black_tree,250,6,262187053,250,14458,57.832000,10,18104,17404748491178090748
build,nearly_sorted,red_black_tree,250,0,262185553,250,13333,53.332000,13,18104,11848659040478790818
build,nearly_sorted,ordinary_bst,250,0,262185553,250,54458,217.832000,240,16024,11848659040478790818
build,nearly_sorted,sorted_vector,250,0,262185553,250,7625,30.500000,,16022,11848659040478790818
build,nearly_sorted,ordinary_bst,250,1,262185809,250,53500,214.000000,239,16024,11848659040478790818
build,nearly_sorted,red_black_tree,250,1,262185809,250,12458,49.832000,13,18104,11848659040478790818
build,nearly_sorted,sorted_vector,250,1,262185809,250,7333,29.332000,,16022,11848659040478790818
build,nearly_sorted,ordinary_bst,250,2,262186065,250,53333,213.332000,239,16024,11848659040478790818
build,nearly_sorted,sorted_vector,250,2,262186065,250,7083,28.332000,,16022,11848659040478790818
build,nearly_sorted,red_black_tree,250,2,262186065,250,11666,46.664000,13,18104,11848659040478790818
build,nearly_sorted,sorted_vector,250,3,262186321,250,6959,27.836000,,16022,11848659040478790818
build,nearly_sorted,ordinary_bst,250,3,262186321,250,53917,215.668000,238,16024,11848659040478790818
build,nearly_sorted,red_black_tree,250,3,262186321,250,11375,45.500000,13,18104,11848659040478790818
build,nearly_sorted,sorted_vector,250,4,262186577,250,7000,28.000000,,16022,11848659040478790818
build,nearly_sorted,ordinary_bst,250,4,262186577,250,53167,212.668000,238,16024,11848659040478790818
build,nearly_sorted,red_black_tree,250,4,262186577,250,11083,44.332000,13,18104,11848659040478790818
build,nearly_sorted,red_black_tree,250,5,262186833,250,11041,44.164000,13,18104,11848659040478790818
build,nearly_sorted,ordinary_bst,250,5,262186833,250,53084,212.336000,238,16024,11848659040478790818
build,nearly_sorted,sorted_vector,250,5,262186833,250,9166,36.664000,,16022,11848659040478790818
build,nearly_sorted,red_black_tree,250,6,262187089,250,11209,44.836000,13,18104,11848659040478790818
build,nearly_sorted,sorted_vector,250,6,262187089,250,7167,28.668000,,16022,11848659040478790818
build,nearly_sorted,ordinary_bst,250,6,262187089,250,52834,211.336000,238,16024,11848659040478790818
lookup,nearly_sorted,sorted_vector,250,0,262185518,250,12292,49.168000,,16022,13295025825122730680
lookup,nearly_sorted,red_black_tree,250,0,262185518,250,14375,57.500000,13,18104,13295025825122730680
lookup,nearly_sorted,ordinary_bst,250,0,262185518,250,50041,200.164000,238,16024,13295025825122730680
lookup,nearly_sorted,ordinary_bst,250,1,262185774,250,50291,201.164000,240,16024,12260805809856289923
lookup,nearly_sorted,red_black_tree,250,1,262185774,250,13875,55.500000,13,18104,12260805809856289923
lookup,nearly_sorted,sorted_vector,250,1,262185774,250,12125,48.500000,,16022,12260805809856289923
lookup,nearly_sorted,sorted_vector,250,2,262186030,250,11917,47.668000,,16022,1306262432941690314
lookup,nearly_sorted,ordinary_bst,250,2,262186030,250,49500,198.000000,239,16024,1306262432941690314
lookup,nearly_sorted,red_black_tree,250,2,262186030,250,13875,55.500000,13,18104,1306262432941690314
lookup,nearly_sorted,red_black_tree,250,3,262186286,250,13542,54.168000,13,18104,12588682824796332832
lookup,nearly_sorted,sorted_vector,250,3,262186286,250,11917,47.668000,,16022,12588682824796332832
lookup,nearly_sorted,ordinary_bst,250,3,262186286,250,49583,198.332000,238,16024,12588682824796332832
lookup,nearly_sorted,ordinary_bst,250,4,262186542,250,49291,197.164000,238,16024,14738074718860737033
lookup,nearly_sorted,red_black_tree,250,4,262186542,250,13583,54.332000,13,18104,14738074718860737033
lookup,nearly_sorted,sorted_vector,250,4,262186542,250,11917,47.668000,,16022,14738074718860737033
lookup,nearly_sorted,ordinary_bst,250,5,262186798,250,50042,200.168000,238,16024,8197515192502866606
lookup,nearly_sorted,red_black_tree,250,5,262186798,250,13208,52.832000,13,18104,8197515192502866606
lookup,nearly_sorted,sorted_vector,250,5,262186798,250,11750,47.000000,,16022,8197515192502866606
lookup,nearly_sorted,sorted_vector,250,6,262187054,250,12375,49.500000,,16022,3018873824588674373
lookup,nearly_sorted,red_black_tree,250,6,262187054,250,13625,54.500000,13,18104,3018873824588674373
lookup,nearly_sorted,ordinary_bst,250,6,262187054,250,50375,201.500000,239,16024,3018873824588674373
read_heavy,random,ordinary_bst,250,0,262185841,500,25667,51.334000,50,16024,6549357703664020600
read_heavy,random,red_black_tree,250,0,262185841,500,21417,42.834000,11,18104,6549357703664020600
read_heavy,random,sorted_vector,250,0,262185841,500,32667,65.334000,,26262,6549357703664020600
read_heavy,random,red_black_tree,250,1,262185585,500,21250,42.500000,11,18104,13149548432601970137
read_heavy,random,ordinary_bst,250,1,262185585,500,20042,40.084000,48,16024,13149548432601970137
read_heavy,random,sorted_vector,250,1,262185585,500,29834,59.668000,,16022,13149548432601970137
read_heavy,random,ordinary_bst,250,2,262186353,500,20709,41.418000,53,16024,17208342125910946787
read_heavy,random,red_black_tree,250,2,262186353,500,20250,40.500000,11,18104,17208342125910946787
read_heavy,random,sorted_vector,250,2,262186353,500,30833,61.666000,,16022,17208342125910946787
read_heavy,random,ordinary_bst,250,3,262186097,500,22083,44.166000,55,16024,17139761051888097043
read_heavy,random,red_black_tree,250,3,262186097,500,20333,40.666000,11,18104,17139761051888097043
read_heavy,random,sorted_vector,250,3,262186097,500,31167,62.334000,,16022,17139761051888097043
read_heavy,random,red_black_tree,250,4,262186865,500,20459,40.918000,10,18104,6650756027925785647
read_heavy,random,sorted_vector,250,4,262186865,500,31916,63.832000,,26262,6650756027925785647
read_heavy,random,ordinary_bst,250,4,262186865,500,21917,43.834000,47,16024,6650756027925785647
read_heavy,random,ordinary_bst,250,5,262186609,500,21625,43.250000,56,16024,4426259437110642306
read_heavy,random,red_black_tree,250,5,262186609,500,20875,41.750000,11,18104,4426259437110642306
read_heavy,random,sorted_vector,250,5,262186609,500,30750,61.500000,,16022,4426259437110642306
read_heavy,random,red_black_tree,250,6,262187377,500,20334,40.668000,10,18104,13197975014455996782
read_heavy,random,sorted_vector,250,6,262187377,500,31625,63.250000,,26262,13197975014455996782
read_heavy,random,ordinary_bst,250,6,262187377,500,21041,42.082000,49,16024,13197975014455996782
update_heavy,random,ordinary_bst,250,0,262185933,500,69917,139.834000,147,16024,3379903220800001153
update_heavy,random,sorted_vector,250,0,262185933,500,61459,122.918000,,26262,3379903220800001153
update_heavy,random,red_black_tree,250,0,262185933,500,33958,67.916000,12,18104,3379903220800001153
update_heavy,random,sorted_vector,250,1,262185677,500,59209,118.418000,,26262,15796543385573129979
update_heavy,random,red_black_tree,250,1,262185677,500,34042,68.084000,11,18104,15796543385573129979
update_heavy,random,ordinary_bst,250,1,262185677,500,65042,130.084000,136,16024,15796543385573129979
update_heavy,random,sorted_vector,250,2,262186445,500,32667,65.334000,,26262,10585877493594037681
update_heavy,random,ordinary_bst,250,2,262186445,500,37791,75.582000,146,16024,10585877493594037681
update_heavy,random,red_black_tree,250,2,262186445,500,19750,39.500000,12,18104,10585877493594037681
update_heavy,random,red_black_tree,250,3,262186189,500,19833,39.666000,12,18104,11825643533815688373
update_heavy,random,sorted_vector,250,3,262186189,500,32959,65.918000,,26262,11825643533815688373
update_heavy,random,ordinary_bst,250,3,262186189,500,38667,77.334000,144,16024,11825643533815688373
update_heavy,random,red_black_tree,250,4,262186957,500,19125,38.250000,11,18104,10639485223907399437
update_heavy,random,ordinary_bst,250,4,262186957,500,64250,128.500000,143,16024,10639485223907399437
update_heavy,random,sorted_vector,250,4,262186957,500,32625,65.250000,,26262,10639485223907399437
update_heavy,random,red_black_tree,250,5,262186701,500,19458,38.916000,11,18104,16692292374931885554
update_heavy,random,ordinary_bst,250,5,262186701,500,39125,78.250000,146,16024,16692292374931885554
update_heavy,random,sorted_vector,250,5,262186701,500,34875,69.750000,,26262,16692292374931885554
update_heavy,random,red_black_tree,250,6,262187469,500,21542,43.084000,12,18104,2931541660818412378
update_heavy,random,sorted_vector,250,6,262187469,500,34208,68.416000,,26262,2931541660818412378
update_heavy,random,ordinary_bst,250,6,262187469,500,71708,143.416000,141,16024,2931541660818412378
build,sorted,sorted_vector,500,0,524329559,500,13083,26.166000,,32012,4501905892932342131
build,sorted,ordinary_bst,500,0,524329559,500,184459,368.918000,500,32024,4501905892932342131
build,sorted,red_black_tree,500,0,524329559,500,19500,39.000000,15,36104,4501905892932342131
build,sorted,red_black_tree,500,1,524329815,500,17750,35.500000,15,36104,4501905892932342131
build,sorted,ordinary_bst,500,1,524329815,500,184541,369.082000,500,32024,4501905892932342131
build,sorted,sorted_vector,500,1,524329815,500,13125,26.250000,,32012,4501905892932342131
build,sorted,red_black_tree,500,2,524330071,500,17375,34.750000,15,36104,4501905892932342131
build,sorted,ordinary_bst,500,2,524330071,500,181541,363.082000,500,32024,4501905892932342131
build,sorted,sorted_vector,500,2,524330071,500,11833,23.666000,,32012,4501905892932342131
build,sorted,sorted_vector,500,3,524330327,500,11666,23.332000,,32012,4501905892932342131
build,sorted,red_black_tree,500,3,524330327,500,15666,31.332000,15,36104,4501905892932342131
build,sorted,ordinary_bst,500,3,524330327,500,165458,330.916000,500,32024,4501905892932342131
build,sorted,ordinary_bst,500,4,524330583,500,165209,330.418000,500,32024,4501905892932342131
build,sorted,sorted_vector,500,4,524330583,500,11833,23.666000,,32012,4501905892932342131
build,sorted,red_black_tree,500,4,524330583,500,15375,30.750000,15,36104,4501905892932342131
build,sorted,ordinary_bst,500,5,524330839,500,165083,330.166000,500,32024,4501905892932342131
build,sorted,sorted_vector,500,5,524330839,500,11667,23.334000,,32012,4501905892932342131
build,sorted,red_black_tree,500,5,524330839,500,15625,31.250000,15,36104,4501905892932342131
build,sorted,ordinary_bst,500,6,524331095,500,165000,330.000000,500,32024,4501905892932342131
build,sorted,sorted_vector,500,6,524331095,500,11542,23.084000,,32012,4501905892932342131
build,sorted,red_black_tree,500,6,524331095,500,15542,31.084000,15,36104,4501905892932342131
lookup,sorted,red_black_tree,500,0,524329516,500,24791,49.582000,15,36104,10249041130393771109
lookup,sorted,sorted_vector,500,0,524329516,500,21958,43.916000,,32012,10249041130393771109
lookup,sorted,ordinary_bst,500,0,524329516,500,159667,319.334000,500,32024,10249041130393771109
lookup,sorted,red_black_tree,500,1,524329772,500,24750,49.500000,15,36104,12957377794888083045
lookup,sorted,ordinary_bst,500,1,524329772,500,160292,320.584000,500,32024,12957377794888083045
lookup,sorted,sorted_vector,500,1,524329772,500,22375,44.750000,,32012,12957377794888083045
lookup,sorted,red_black_tree,500,2,524330028,500,24583,49.166000,15,36104,14040931004434039268
lookup,sorted,ordinary_bst,500,2,524330028,500,160333,320.666000,500,32024,14040931004434039268
lookup,sorted,sorted_vector,500,2,524330028,500,21542,43.084000,,32012,14040931004434039268
lookup,sorted,red_black_tree,500,3,524330284,500,23916,47.832000,15,36104,278106725181746603
lookup,sorted,sorted_vector,500,3,524330284,500,22209,44.418000,,32012,278106725181746603
lookup,sorted,ordinary_bst,500,3,524330284,500,159417,318.834000,500,32024,278106725181746603
lookup,sorted,sorted_vector,500,4,524330540,500,21875,43.750000,,32012,12004229812968680539
lookup,sorted,ordinary_bst,500,4,524330540,500,159208,318.416000,500,32024,12004229812968680539
lookup,sorted,red_black_tree,500,4,524330540,500,23875,47.750000,15,36104,12004229812968680539
lookup,sorted,red_black_tree,500,5,524330796,500,24125,48.250000,15,36104,16523945936600950331
lookup,sorted,ordinary_bst,500,5,524330796,500,160250,320.500000,500,32024,16523945936600950331
lookup,sorted,sorted_vector,500,5,524330796,500,21625,43.250000,,32012,16523945936600950331
lookup,sorted,red_black_tree,500,6,524331052,500,23667,47.334000,15,36104,4479375201446991913
lookup,sorted,sorted_vector,500,6,524331052,500,22042,44.084000,,32012,4479375201446991913
lookup,sorted,ordinary_bst,500,6,524331052,500,166541,333.082000,500,32024,4479375201446991913
build,random,red_black_tree,500,0,524329552,500,36666,73.332000,11,36104,4501905892932342131
build,random,ordinary_bst,500,0,524329552,500,30041,60.082000,18,32024,4501905892932342131
build,random,sorted_vector,500,0,524329552,500,93125,186.250000,,32012,4501905892932342131
build,random,red_black_tree,500,1,524329808,500,37459,74.918000,11,36104,4501905892932342131
build,random,sorted_vector,500,1,524329808,500,95083,190.166000,,32012,4501905892932342131
build,random,ordinary_bst,500,1,524329808,500,29167,58.334000,22,32024,4501905892932342131
build,random,ordinary_bst,500,2,524330064,500,31208,62.416000,20,32024,4501905892932342131
build,random,red_black_tree,500,2,524330064,500,38167,76.334000,11,36104,4501905892932342131
build,random,sorted_vector,500,2,524330064,500,93292,186.584000,,32012,4501905892932342131
build,random,sorted_vector,500,3,524330320,500,93667,187.334000,,32012,4501905892932342131
build,random,red_black_tree,500,3,524330320,500,37667,75.334000,11,36104,4501905892932342131
build,random,ordinary_bst,500,3,524330320,500,30291,60.582000,18,32024,4501905892932342131
build,random,red_black_tree,500,4,524330576,500,37625,75.250000,11,36104,4501905892932342131
build,random,ordinary_bst,500,4,524330576,500,30292,60.584000,17,32024,4501905892932342131
build,random,sorted_vector,500,4,524330576,500,98083,196.166000,,32012,4501905892932342131
build,random,red_black_tree,500,5,524330832,500,36834,73.668000,11,36104,4501905892932342131
build,random,sorted_vector,500,5,524330832,500,90959,181.918000,,32012,4501905892932342131
build,random,ordinary_bst,500,5,524330832,500,29417,58.834000,17,32024,4501905892932342131
build,random,ordinary_bst,500,6,524331088,500,30791,61.582000,17,32024,4501905892932342131
build,random,sorted_vector,500,6,524331088,500,94625,189.250000,,32012,4501905892932342131
build,random,red_black_tree,500,6,524331088,500,37459,74.918000,11,36104,4501905892932342131
lookup,random,ordinary_bst,500,0,524329517,500,23750,47.500000,18,32024,9418729990582231197
lookup,random,sorted_vector,500,0,524329517,500,19875,39.750000,,32012,9418729990582231197
lookup,random,red_black_tree,500,0,524329517,500,23291,46.582000,11,36104,9418729990582231197
lookup,random,ordinary_bst,500,1,524329773,500,23917,47.834000,19,32024,7182127850262084643
lookup,random,sorted_vector,500,1,524329773,500,20084,40.168000,,32012,7182127850262084643
lookup,random,red_black_tree,500,1,524329773,500,23250,46.500000,11,36104,7182127850262084643
lookup,random,sorted_vector,500,2,524330029,500,19459,38.918000,,32012,14654084440799821613
lookup,random,red_black_tree,500,2,524330029,500,23125,46.250000,11,36104,14654084440799821613
lookup,random,ordinary_bst,500,2,524330029,500,23458,46.916000,18,32024,14654084440799821613
lookup,random,sorted_vector,500,3,524330285,500,19791,39.582000,,32012,1683656388186798289
lookup,random,ordinary_bst,500,3,524330285,500,24166,48.332000,20,32024,1683656388186798289
lookup,random,red_black_tree,500,3,524330285,500,23208,46.416000,11,36104,1683656388186798289
lookup,random,red_black_tree,500,4,524330541,500,23208,46.416000,11,36104,6341211776803433985
lookup,random,sorted_vector,500,4,524330541,500,19584,39.168000,,32012,6341211776803433985
lookup,random,ordinary_bst,500,4,524330541,500,23500,47.000000,17,32024,6341211776803433985
lookup,random,ordinary_bst,500,5,524330797,500,25833,51.666000,22,32024,12557154521699455902
lookup,random,red_black_tree,500,5,524330797,500,23333,46.666000,11,36104,12557154521699455902
lookup,random,sorted_vector,500,5,524330797,500,20334,40.668000,,32012,12557154521699455902
lookup,random,ordinary_bst,500,6,524331053,500,24542,49.084000,22,32024,16905919676279671597
lookup,random,red_black_tree,500,6,524331053,500,30000,60.000000,11,36104,16905919676279671597
lookup,random,sorted_vector,500,6,524331053,500,19916,39.832000,,32012,16905919676279671597
build,nearly_sorted,sorted_vector,500,0,524329553,500,11791,23.582000,,32012,4501905892932342131
build,nearly_sorted,ordinary_bst,500,0,524329553,500,144458,288.916000,475,32024,4501905892932342131
build,nearly_sorted,red_black_tree,500,0,524329553,500,16250,32.500000,15,36104,4501905892932342131
build,nearly_sorted,ordinary_bst,500,1,524329809,500,145875,291.750000,475,32024,4501905892932342131
build,nearly_sorted,red_black_tree,500,1,524329809,500,15417,30.834000,15,36104,4501905892932342131
build,nearly_sorted,sorted_vector,500,1,524329809,500,11875,23.750000,,32012,4501905892932342131
build,nearly_sorted,ordinary_bst,500,2,524330065,500,146792,293.584000,478,32024,4501905892932342131
build,nearly_sorted,red_black_tree,500,2,524330065,500,15375,30.750000,15,36104,4501905892932342131
build,nearly_sorted,sorted_vector,500,2,524330065,500,11584,23.168000,,32012,4501905892932342131
build,nearly_sorted,red_black_tree,500,3,524330321,500,14958,29.916000,15,36104,4501905892932342131
build,nearly_sorted,ordinary_bst,500,3,524330321,500,147208,294.416000,480,32024,4501905892932342131
build,nearly_sorted,sorted_vector,500,3,524330321,500,11417,22.834000,,32012,4501905892932342131
build,nearly_sorted,red_black_tree,500,4,524330577,500,15209,30.418000,15,36104,4501905892932342131
build,nearly_sorted,ordinary_bst,500,4,524330577,500,145750,291.500000,478,32024,4501905892932342131
build,nearly_sorted,sorted_vector,500,4,524330577,500,11500,23.000000,,32012,4501905892932342131
build,nearly_sorted,sorted_vector,500,5,524330833,500,11458,22.916000,,32012,4501905892932342131
build,nearly_sorted,red_black_tree,500,5,524330833,500,15083,30.166000,15,36104,4501905892932342131
build,nearly_sorted,ordinary_bst,500,5,524330833,500,144875,289.750000,476,32024,4501905892932342131
build,nearly_sorted,ordinary_bst,500,6,524331089,500,144500,289.000000,475,32024,4501905892932342131
build,nearly_sorted,sorted_vector,500,6,524331089,500,11833,23.666000,,32012,4501905892932342131
build,nearly_sorted,red_black_tree,500,6,524331089,500,15333,30.666000,15,36104,4501905892932342131
lookup,nearly_sorted,ordinary_bst,500,0,524329518,500,131583,263.166000,475,32024,5800426387965860860
lookup,nearly_sorted,red_black_tree,500,0,524329518,500,20459,40.918000,15,36104,5800426387965860860
lookup,nearly_sorted,sorted_vector,500,0,524329518,500,18334,36.668000,,32012,5800426387965860860
lookup,nearly_sorted,sorted_vector,500,1,524329774,500,18000,36.000000,,32012,2839554687910680178
lookup,nearly_sorted,ordinary_bst,500,1,524329774,500,131000,262.000000,475,32024,2839554687910680178
lookup,nearly_sorted,red_black_tree,500,1,524329774,500,20041,40.082000,15,36104,2839554687910680178
lookup,nearly_sorted,red_black_tree,500,2,524330030,500,19917,39.834000,15,36104,6969932122670816341
lookup,nearly_sorted,sorted_vector,500,2,524330030,500,18125,36.250000,,32012,6969932122670816341
lookup,nearly_sorted,ordinary_bst,500,2,524330030,500,129708,259.416000,477,32024,6969932122670816341
lookup,nearly_sorted,red_black_tree,500,3,524330286,500,19708,39.416000,15,36104,12389607376005049834
lookup,nearly_sorted,ordinary_bst,500,3,524330286,500,129500,259.000000,478,32024,12389607376005049834
lookup,nearly_sorted,sorted_vector,500,3,524330286,500,18500,37.000000,,32012,12389607376005049834
lookup,nearly_sorted,red_black_tree,500,4,524330542,500,20458,40.916000,15,36104,2204087603553582319
lookup,nearly_sorted,sorted_vector,500,4,524330542,500,18333,36.666000,,32012,2204087603553582319
lookup,nearly_sorted,ordinary_bst,500,4,524330542,500,128959,257.918000,475,32024,2204087603553582319
lookup,nearly_sorted,ordinary_bst,500,5,524330798,500,128292,256.584000,476,32024,5151173422597731750
lookup,nearly_sorted,red_black_tree,500,5,524330798,500,19625,39.250000,15,36104,5151173422597731750
lookup,nearly_sorted,sorted_vector,500,5,524330798,500,18459,36.918000,,32012,5151173422597731750
lookup,nearly_sorted,ordinary_bst,500,6,524331054,500,129541,259.082000,477,32024,3070360013314978148
lookup,nearly_sorted,red_black_tree,500,6,524331054,500,20416,40.832000,15,36104,3070360013314978148
lookup,nearly_sorted,sorted_vector,500,6,524331054,500,18208,36.416000,,32012,3070360013314978148
read_heavy,random,red_black_tree,500,0,524329841,1000,32792,32.792000,12,36104,17136215038169422858
read_heavy,random,sorted_vector,500,0,524329841,1000,67750,67.750000,,52492,17136215038169422858
read_heavy,random,ordinary_bst,500,0,524329841,1000,38625,38.625000,99,32024,17136215038169422858
read_heavy,random,sorted_vector,500,1,524329585,1000,63917,63.917000,,32012,5185265685257993290
read_heavy,random,red_black_tree,500,1,524329585,1000,32750,32.750000,12,36104,5185265685257993290
read_heavy,random,ordinary_bst,500,1,524329585,1000,41292,41.292000,100,32024,5185265685257993290
read_heavy,random,red_black_tree,500,2,524330353,1000,33834,33.834000,12,36104,10291615484160273338
read_heavy,random,ordinary_bst,500,2,524330353,1000,39125,39.125000,100,32024,10291615484160273338
read_heavy,random,sorted_vector,500,2,524330353,1000,64667,64.667000,,32012,10291615484160273338
read_heavy,random,sorted_vector,500,3,524330097,1000,68125,68.125000,,52492,624838779701423652
read_heavy,random,red_black_tree,500,3,524330097,1000,33375,33.375000,12,36104,624838779701423652
read_heavy,random,ordinary_bst,500,3,524330097,1000,39333,39.333000,96,32024,624838779701423652
read_heavy,random,ordinary_bst,500,4,524330865,1000,38417,38.417000,97,32024,11496179213134530726
read_heavy,random,red_black_tree,500,4,524330865,1000,34000,34.000000,12,36104,11496179213134530726
read_heavy,random,sorted_vector,500,4,524330865,1000,59167,59.167000,,32012,11496179213134530726
read_heavy,random,ordinary_bst,500,5,524330609,1000,37959,37.959000,100,32024,13872129927784295840
read_heavy,random,red_black_tree,500,5,524330609,1000,31791,31.791000,11,36104,13872129927784295840
read_heavy,random,sorted_vector,500,5,524330609,1000,60833,60.833000,,32012,13872129927784295840
read_heavy,random,red_black_tree,500,6,524331377,1000,31458,31.458000,12,36104,6680615456871856918
read_heavy,random,ordinary_bst,500,6,524331377,1000,38167,38.167000,98,32024,6680615456871856918
read_heavy,random,sorted_vector,500,6,524331377,1000,60292,60.292000,,32012,6680615456871856918
update_heavy,random,red_black_tree,500,0,524329933,1000,50459,50.459000,14,36104,8571952869960603938
update_heavy,random,ordinary_bst,500,0,524329933,1000,154625,154.625000,275,32024,8571952869960603938
update_heavy,random,sorted_vector,500,0,524329933,1000,136042,136.042000,,52492,8571952869960603938
update_heavy,random,red_black_tree,500,1,524329677,1000,51250,51.250000,12,36104,8847109934272697018
update_heavy,random,sorted_vector,500,1,524329677,1000,136709,136.709000,,52492,8847109934272697018
update_heavy,random,ordinary_bst,500,1,524329677,1000,154125,154.125000,275,32024,8847109934272697018
update_heavy,random,red_black_tree,500,2,524330445,1000,50250,50.250000,14,36104,13016219226446791418
update_heavy,random,sorted_vector,500,2,524330445,1000,131500,131.500000,,32012,13016219226446791418
update_heavy,random,ordinary_bst,500,2,524330445,1000,171750,171.750000,287,32024,13016219226446791418
update_heavy,random,ordinary_bst,500,3,524330189,1000,147209,147.209000,265,32024,3626853248482004183
update_heavy,random,sorted_vector,500,3,524330189,1000,140209,140.209000,,52492,3626853248482004183
update_heavy,random,red_black_tree,500,3,524330189,1000,49875,49.875000,14,36104,3626853248482004183
update_heavy,random,ordinary_bst,500,4,524330957,1000,152208,152.208000,283,32024,16426999269452498732
update_heavy,random,sorted_vector,500,4,524330957,1000,133625,133.625000,,32012,16426999269452498732
update_heavy,random,red_black_tree,500,4,524330957,1000,50000,50.000000,13,36104,16426999269452498732
update_heavy,random,red_black_tree,500,5,524330701,1000,47500,47.500000,14,36104,3578023699408664270
update_heavy,random,ordinary_bst,500,5,524330701,1000,163125,163.125000,278,32024,3578023699408664270
update_heavy,random,sorted_vector,500,5,524330701,1000,133542,133.542000,,52492,3578023699408664270
update_heavy,random,sorted_vector,500,6,524331469,1000,131125,131.125000,,52492,3777862036579820897
update_heavy,random,red_black_tree,500,6,524331469,1000,47584,47.584000,13,36104,3777862036579820897
update_heavy,random,ordinary_bst,500,6,524331469,1000,154416,154.416000,281,32024,3777862036579820897
build,sorted,ordinary_bst,1000,0,1048617559,1000,485166,485.166000,1000,64024,18239304705260501772
build,sorted,red_black_tree,1000,0,1048617559,1000,27208,27.208000,17,72104,18239304705260501772
build,sorted,sorted_vector,1000,0,1048617559,1000,21250,21.250000,,63992,18239304705260501772
build,sorted,sorted_vector,1000,1,1048617815,1000,20458,20.458000,,63992,18239304705260501772
build,sorted,ordinary_bst,1000,1,1048617815,1000,485333,485.333000,1000,64024,18239304705260501772
build,sorted,red_black_tree,1000,1,1048617815,1000,26333,26.333000,17,72104,18239304705260501772
build,sorted,sorted_vector,1000,2,1048618071,1000,20250,20.250000,,63992,18239304705260501772
build,sorted,red_black_tree,1000,2,1048618071,1000,25708,25.708000,17,72104,18239304705260501772
build,sorted,ordinary_bst,1000,2,1048618071,1000,488875,488.875000,1000,64024,18239304705260501772
build,sorted,sorted_vector,1000,3,1048618327,1000,20125,20.125000,,63992,18239304705260501772
build,sorted,red_black_tree,1000,3,1048618327,1000,25459,25.459000,17,72104,18239304705260501772
build,sorted,ordinary_bst,1000,3,1048618327,1000,486875,486.875000,1000,64024,18239304705260501772
build,sorted,ordinary_bst,1000,4,1048618583,1000,491084,491.084000,1000,64024,18239304705260501772
build,sorted,sorted_vector,1000,4,1048618583,1000,20750,20.750000,,63992,18239304705260501772
build,sorted,red_black_tree,1000,4,1048618583,1000,25334,25.334000,17,72104,18239304705260501772
build,sorted,sorted_vector,1000,5,1048618839,1000,20416,20.416000,,63992,18239304705260501772
build,sorted,red_black_tree,1000,5,1048618839,1000,25542,25.542000,17,72104,18239304705260501772
build,sorted,ordinary_bst,1000,5,1048618839,1000,467041,467.041000,1000,64024,18239304705260501772
build,sorted,red_black_tree,1000,6,1048619095,1000,24542,24.542000,17,72104,18239304705260501772
build,sorted,ordinary_bst,1000,6,1048619095,1000,463958,463.958000,1000,64024,18239304705260501772
build,sorted,sorted_vector,1000,6,1048619095,1000,19666,19.666000,,63992,18239304705260501772
lookup,sorted,ordinary_bst,1000,0,1048617516,1000,457292,457.292000,1000,64024,4885504118268044039
lookup,sorted,red_black_tree,1000,0,1048617516,1000,39834,39.834000,17,72104,4885504118268044039
lookup,sorted,sorted_vector,1000,0,1048617516,1000,35209,35.209000,,63992,4885504118268044039
lookup,sorted,sorted_vector,1000,1,1048617772,1000,34416,34.416000,,63992,1353206326357310104
lookup,sorted,red_black_tree,1000,1,1048617772,1000,39042,39.042000,17,72104,1353206326357310104
lookup,sorted,ordinary_bst,1000,1,1048617772,1000,441042,441.042000,1000,64024,1353206326357310104
lookup,sorted,red_black_tree,1000,2,1048618028,1000,37583,37.583000,17,72104,1120094443859932519
lookup,sorted,sorted_vector,1000,2,1048618028,1000,33875,33.875000,,63992,1120094443859932519
lookup,sorted,ordinary_bst,1000,2,1048618028,1000,441500,441.500000,1000,64024,1120094443859932519
lookup,sorted,red_black_tree,1000,3,1048618284,1000,37417,37.417000,17,72104,14013647440779767157
lookup,sorted,ordinary_bst,1000,3,1048618284,1000,441208,441.208000,1000,64024,14013647440779767157
lookup,sorted,sorted_vector,1000,3,1048618284,1000,33958,33.958000,,63992,14013647440779767157
lookup,sorted,ordinary_bst,1000,4,1048618540,1000,443833,443.833000,1000,64024,11273272480376901674
lookup,sorted,red_black_tree,1000,4,1048618540,1000,37417,37.417000,17,72104,11273272480376901674
lookup,sorted,sorted_vector,1000,4,1048618540,1000,34167,34.167000,,63992,11273272480376901674
lookup,sorted,ordinary_bst,1000,5,1048618796,1000,440792,440.792000,1000,64024,6441314392838412682
lookup,sorted,red_black_tree,1000,5,1048618796,1000,39834,39.834000,17,72104,6441314392838412682
lookup,sorted,sorted_vector,1000,5,1048618796,1000,33625,33.625000,,63992,6441314392838412682
lookup,sorted,sorted_vector,1000,6,1048619052,1000,33750,33.750000,,63992,4795485344983494314
lookup,sorted,ordinary_bst,1000,6,1048619052,1000,429208,429.208000,1000,64024,4795485344983494314
lookup,sorted,red_black_tree,1000,6,1048619052,1000,37000,37.000000,17,72104,4795485344983494314
build,random,red_black_tree,1000,0,1048617552,1000,62083,62.083000,12,72104,18239304705260501772
build,random,ordinary_bst,1000,0,1048617552,1000,46292,46.292000,21,64024,18239304705260501772
build,random,sorted_vector,1000,0,1048617552,1000,250208,250.208000,,63992,18239304705260501772
build,random,red_black_tree,1000,1,1048617808,1000,58375,58.375000,12,72104,18239304705260501772
build,random,ordinary_bst,1000,1,1048617808,1000,45625,45.625000,23,64024,18239304705260501772
build,random,sorted_vector,1000,1,1048617808,1000,249916,249.916000,,63992,18239304705260501772
build,random,red_black_tree,1000,2,1048618064,1000,58291,58.291000,12,72104,18239304705260501772
build,random,ordinary_bst,1000,2,1048618064,1000,47084,47.084000,21,64024,18239304705260501772
build,random,sorted_vector,1000,2,1048618064,1000,249625,249.625000,,63992,18239304705260501772
build,random,red_black_tree,1000,3,1048618320,1000,57292,57.292000,12,72104,18239304705260501772
build,random,sorted_vector,1000,3,1048618320,1000,247500,247.500000,,63992,18239304705260501772
build,random,ordinary_bst,1000,3,1048618320,1000,45041,45.041000,21,64024,18239304705260501772
build,random,red_black_tree,1000,4,1048618576,1000,58708,58.708000,13,72104,18239304705260501772
build,random,sorted_vector,1000,4,1048618576,1000,248167,248.167000,,63992,18239304705260501772
build,random,ordinary_bst,1000,4,1048618576,1000,45417,45.417000,22,64024,18239304705260501772
build,random,red_black_tree,1000,5,1048618832,1000,57625,57.625000,12,72104,18239304705260501772
build,random,sorted_vector,1000,5,1048618832,1000,244375,244.375000,,63992,18239304705260501772
build,random,ordinary_bst,1000,5,1048618832,1000,44667,44.667000,19,64024,18239304705260501772
build,random,sorted_vector,1000,6,1048619088,1000,240625,240.625000,,63992,18239304705260501772
build,random,red_black_tree,1000,6,1048619088,1000,60000,60.000000,12,72104,18239304705260501772
build,random,ordinary_bst,1000,6,1048619088,1000,45958,45.958000,26,64024,18239304705260501772
lookup,random,ordinary_bst,1000,0,1048617517,1000,40333,40.333000,22,64024,244593168521843728
lookup,random,red_black_tree,1000,0,1048617517,1000,37292,37.292000,12,72104,244593168521843728
lookup,random,sorted_vector,1000,0,1048617517,1000,32667,32.667000,,63992,244593168521843728
lookup,random,sorted_vector,1000,1,1048617773,1000,32333,32.333000,,63992,4641812172944159390
lookup,random,ordinary_bst,1000,1,1048617773,1000,39958,39.958000,22,64024,4641812172944159390
lookup,random,red_black_tree,1000,1,1048617773,1000,36292,36.292000,13,72104,4641812172944159390
lookup,random,ordinary_bst,1000,2,1048618029,1000,40708,40.708000,22,64024,16366192591017691699
lookup,random,red_black_tree,1000,2,1048618029,1000,36666,36.666000,12,72104,16366192591017691699
lookup,random,sorted_vector,1000,2,1048618029,1000,33042,33.042000,,63992,16366192591017691699
lookup,random,red_black_tree,1000,3,1048618285,1000,36667,36.667000,12,72104,7839895295299288232
lookup,random,ordinary_bst,1000,3,1048618285,1000,39875,39.875000,20,64024,7839895295299288232
lookup,random,sorted_vector,1000,3,1048618285,1000,32542,32.542000,,63992,7839895295299288232
lookup,random,red_black_tree,1000,4,1048618541,1000,36291,36.291000,12,72104,845098573575592230
lookup,random,sorted_vector,1000,4,1048618541,1000,31417,31.417000,,63992,845098573575592230
lookup,random,ordinary_bst,1000,4,1048618541,1000,39666,39.666000,22,64024,845098573575592230
lookup,random,sorted_vector,1000,5,1048618797,1000,31500,31.500000,,63992,10766290575109916995
lookup,random,red_black_tree,1000,5,1048618797,1000,35958,35.958000,13,72104,10766290575109916995
lookup,random,ordinary_bst,1000,5,1048618797,1000,38333,38.333000,21,64024,10766290575109916995
lookup,random,ordinary_bst,1000,6,1048619053,1000,37917,37.917000,23,64024,377407819717050139
lookup,random,red_black_tree,1000,6,1048619053,1000,36041,36.041000,13,72104,377407819717050139
lookup,random,sorted_vector,1000,6,1048619053,1000,31750,31.750000,,63992,377407819717050139
build,nearly_sorted,ordinary_bst,1000,0,1048617553,1000,405958,405.958000,954,64024,18239304705260501772
build,nearly_sorted,sorted_vector,1000,0,1048617553,1000,19333,19.333000,,63992,18239304705260501772
build,nearly_sorted,red_black_tree,1000,0,1048617553,1000,24791,24.791000,17,72104,18239304705260501772
build,nearly_sorted,red_black_tree,1000,1,1048617809,1000,23375,23.375000,17,72104,18239304705260501772
build,nearly_sorted,ordinary_bst,1000,1,1048617809,1000,396916,396.916000,950,64024,18239304705260501772
build,nearly_sorted,sorted_vector,1000,1,1048617809,1000,19042,19.042000,,63992,18239304705260501772
build,nearly_sorted,red_black_tree,1000,2,1048618065,1000,22541,22.541000,17,72104,18239304705260501772
build,nearly_sorted,sorted_vector,1000,2,1048618065,1000,18666,18.666000,,63992,18239304705260501772
build,nearly_sorted,ordinary_bst,1000,2,1048618065,1000,398500,398.500000,954,64024,18239304705260501772
build,nearly_sorted,ordinary_bst,1000,3,1048618321,1000,403959,403.959000,956,64024,18239304705260501772
build,nearly_sorted,sorted_vector,1000,3,1048618321,1000,18459,18.459000,,63992,18239304705260501772
build,nearly_sorted,red_black_tree,1000,3,1048618321,1000,22083,22.083000,17,72104,18239304705260501772
build,nearly_sorted,ordinary_bst,1000,4,1048618577,1000,399625,399.625000,957,64024,18239304705260501772
build,nearly_sorted,sorted_vector,1000,4,1048618577,1000,18333,18.333000,,63992,18239304705260501772
build,nearly_sorted,red_black_tree,1000,4,1048618577,1000,21875,21.875000,17,72104,18239304705260501772
build,nearly_sorted,ordinary_bst,1000,5,1048618833,1000,398166,398.166000,955,64024,18239304705260501772
build,nearly_sorted,red_black_tree,1000,5,1048618833,1000,22042,22.042000,17,72104,18239304705260501772
build,nearly_sorted,sorted_vector,1000,5,1048618833,1000,18375,18.375000,,63992,18239304705260501772
build,nearly_sorted,ordinary_bst,1000,6,1048619089,1000,399541,399.541000,954,64024,18239304705260501772
build,nearly_sorted,sorted_vector,1000,6,1048619089,1000,18208,18.208000,,63992,18239304705260501772
build,nearly_sorted,red_black_tree,1000,6,1048619089,1000,22000,22.000000,17,72104,18239304705260501772
lookup,nearly_sorted,ordinary_bst,1000,0,1048617518,1000,388459,388.459000,954,64024,7731339613626226503
lookup,nearly_sorted,red_black_tree,1000,0,1048617518,1000,35083,35.083000,17,72104,7731339613626226503
lookup,nearly_sorted,sorted_vector,1000,0,1048617518,1000,31709,31.709000,,63992,7731339613626226503
lookup,nearly_sorted,red_black_tree,1000,1,1048617774,1000,34334,34.334000,17,72104,17208408660281187850
lookup,nearly_sorted,ordinary_bst,1000,1,1048617774,1000,385375,385.375000,951,64024,17208408660281187850
lookup,nearly_sorted,sorted_vector,1000,1,1048617774,1000,31458,31.458000,,63992,17208408660281187850
lookup,nearly_sorted,ordinary_bst,1000,2,1048618030,1000,385583,385.583000,959,64024,9594698452553989640
lookup,nearly_sorted,red_black_tree,1000,2,1048618030,1000,32375,32.375000,17,72104,9594698452553989640
lookup,nearly_sorted,sorted_vector,1000,2,1048618030,1000,30750,30.750000,,63992,9594698452553989640
lookup,nearly_sorted,ordinary_bst,1000,3,1048618286,1000,385459,385.459000,952,64024,4916021596108493104
lookup,nearly_sorted,sorted_vector,1000,3,1048618286,1000,31333,31.333000,,63992,4916021596108493104
lookup,nearly_sorted,red_black_tree,1000,3,1048618286,1000,33416,33.416000,17,72104,4916021596108493104
lookup,nearly_sorted,sorted_vector,1000,4,1048618542,1000,31209,31.209000,,63992,15232529554531767780
lookup,nearly_sorted,ordinary_bst,1000,4,1048618542,1000,385375,385.375000,952,64024,15232529554531767780
lookup,nearly_sorted,red_black_tree,1000,4,1048618542,1000,34083,34.083000,17,72104,15232529554531767780
lookup,nearly_sorted,red_black_tree,1000,5,1048618798,1000,31625,31.625000,17,72104,709323556207934698
lookup,nearly_sorted,ordinary_bst,1000,5,1048618798,1000,386042,386.042000,951,64024,709323556207934698
lookup,nearly_sorted,sorted_vector,1000,5,1048618798,1000,31041,31.041000,,63992,709323556207934698
lookup,nearly_sorted,sorted_vector,1000,6,1048619054,1000,30709,30.709000,,63992,12609495675413461138
lookup,nearly_sorted,red_black_tree,1000,6,1048619054,1000,37333,37.333000,17,72104,12609495675413461138
lookup,nearly_sorted,ordinary_bst,1000,6,1048619054,1000,387917,387.917000,952,64024,12609495675413461138
read_heavy,random,sorted_vector,1000,0,1048617841,2000,140875,70.437500,,63992,12763368635385335885
read_heavy,random,red_black_tree,1000,0,1048617841,2000,54292,27.146000,14,72104,12763368635385335885
read_heavy,random,ordinary_bst,1000,0,1048617841,2000,71583,35.791500,198,64024,12763368635385335885
read_heavy,random,ordinary_bst,1000,1,1048617585,2000,68125,34.062500,191,64024,16758204778726631428
read_heavy,random,sorted_vector,1000,1,1048617585,2000,135167,67.583500,,63992,16758204778726631428
read_heavy,random,red_black_tree,1000,1,1048617585,2000,51458,25.729000,14,72104,16758204778726631428
read_heavy,random,ordinary_bst,1000,2,1048618353,2000,70334,35.167000,184,64024,13061946777139580043
read_heavy,random,red_black_tree,1000,2,1048618353,2000,52750,26.375000,13,72104,13061946777139580043
read_heavy,random,sorted_vector,1000,2,1048618353,2000,132375,66.187500,,63992,13061946777139580043
read_heavy,random,ordinary_bst,1000,3,1048618097,2000,71541,35.770500,185,64024,4605737169310253962
read_heavy,random,sorted_vector,1000,3,1048618097,2000,132292,66.146000,,63992,4605737169310253962
read_heavy,random,red_black_tree,1000,3,1048618097,2000,51875,25.937500,14,72104,4605737169310253962
read_heavy,random,red_black_tree,1000,4,1048618865,2000,53792,26.896000,13,72104,1574885722619568512
read_heavy,random,sorted_vector,1000,4,1048618865,2000,136000,68.000000,,63992,1574885722619568512
read_heavy,random,ordinary_bst,1000,4,1048618865,2000,70542,35.271000,193,64024,1574885722619568512
read_heavy,random,ordinary_bst,1000,5,1048618609,2000,66500,33.250000,192,64024,9627091706158757068
read_heavy,random,red_black_tree,1000,5,1048618609,2000,51042,25.521000,14,72104,9627091706158757068
read_heavy,random,sorted_vector,1000,5,1048618609,2000,138250,69.125000,,63992,9627091706158757068
read_heavy,random,red_black_tree,1000,6,1048619377,2000,50792,25.396000,14,72104,2359881232680597182
read_heavy,random,ordinary_bst,1000,6,1048619377,2000,69459,34.729500,189,64024,2359881232680597182
read_heavy,random,sorted_vector,1000,6,1048619377,2000,134834,67.417000,,63992,2359881232680597182
update_heavy,random,sorted_vector,1000,0,1048617933,2000,375458,187.729000,,104952,599512660021197443
update_heavy,random,ordinary_bst,1000,0,1048617933,2000,424375,212.187500,567,64024,599512660021197443
update_heavy,random,red_black_tree,1000,0,1048617933,2000,84750,42.375000,13,72104,599512660021197443
update_heavy,random,sorted_vector,1000,1,1048617677,2000,356375,178.187500,,104952,1159285945729466638
update_heavy,random,ordinary_bst,1000,1,1048617677,2000,414666,207.333000,557,64024,1159285945729466638
update_heavy,random,red_black_tree,1000,1,1048617677,2000,79708,39.854000,15,72104,1159285945729466638
update_heavy,random,ordinary_bst,1000,2,1048618445,2000,423792,211.896000,557,64024,13663850515412567909
update_heavy,random,sorted_vector,1000,2,1048618445,2000,381584,190.792000,,104952,13663850515412567909
update_heavy,random,red_black_tree,1000,2,1048618445,2000,83750,41.875000,15,72104,13663850515412567909
update_heavy,random,ordinary_bst,1000,3,1048618189,2000,401791,200.895500,560,64024,3560716791308346307
update_heavy,random,red_black_tree,1000,3,1048618189,2000,81792,40.896000,15,72104,3560716791308346307
update_heavy,random,sorted_vector,1000,3,1048618189,2000,373000,186.500000,,63992,3560716791308346307
update_heavy,random,red_black_tree,1000,4,1048618957,2000,85542,42.771000,15,72104,8649762547523920889
update_heavy,random,sorted_vector,1000,4,1048618957,2000,362542,181.271000,,63992,8649762547523920889
update_heavy,random,ordinary_bst,1000,4,1048618957,2000,405417,202.708500,559,64024,8649762547523920889
update_heavy,random,ordinary_bst,1000,5,1048618701,2000,396792,198.396000,541,64024,4754015169054202794
update_heavy,random,red_black_tree,1000,5,1048618701,2000,79625,39.812500,14,72104,4754015169054202794
update_heavy,random,sorted_vector,1000,5,1048618701,2000,372583,186.291500,,104952,4754015169054202794
update_heavy,random,red_black_tree,1000,6,1048619469,2000,81667,40.833500,14,72104,10613330547439627141
update_heavy,random,ordinary_bst,1000,6,1048619469,2000,388750,194.375000,557,64024,10613330547439627141
update_heavy,random,sorted_vector,1000,6,1048619469,2000,372167,186.083500,,63992,10613330547439627141
build,sorted,red_black_tree,2000,0,2097193559,2000,50792,25.396000,19,144104,13443755682254237430
build,sorted,ordinary_bst,2000,0,2097193559,2000,1540708,770.354000,2000,128024,13443755682254237430
build,sorted,sorted_vector,2000,0,2097193559,2000,37083,18.541500,,127952,13443755682254237430
build,sorted,red_black_tree,2000,1,2097193815,2000,44917,22.458500,19,144104,13443755682254237430
build,sorted,ordinary_bst,2000,1,2097193815,2000,1543208,771.604000,2000,128024,13443755682254237430
build,sorted,sorted_vector,2000,1,2097193815,2000,36833,18.416500,,127952,13443755682254237430
build,sorted,red_black_tree,2000,2,2097194071,2000,48875,24.437500,19,144104,13443755682254237430
build,sorted,ordinary_bst,2000,2,2097194071,2000,1542959,771.479500,2000,128024,13443755682254237430
build,sorted,sorted_vector,2000,2,2097194071,2000,36541,18.270500,,127952,13443755682254237430
build,sorted,ordinary_bst,2000,3,2097194327,2000,1555208,777.604000,2000,128024,13443755682254237430
build,sorted,sorted_vector,2000,3,2097194327,2000,36541,18.270500,,127952,13443755682254237430
build,sorted,red_black_tree,2000,3,2097194327,2000,44125,22.062500,19,144104,13443755682254237430
build,sorted,red_black_tree,2000,4,2097194583,2000,48417,24.208500,19,144104,13443755682254237430
build,sorted,sorted_vector,2000,4,2097194583,2000,40709,20.354500,,127952,13443755682254237430
build,sorted,ordinary_bst,2000,4,2097194583,2000,1559333,779.666500,2000,128024,13443755682254237430
build,sorted,sorted_vector,2000,5,2097194839,2000,36875,18.437500,,127952,13443755682254237430
build,sorted,red_black_tree,2000,5,2097194839,2000,44208,22.104000,19,144104,13443755682254237430
build,sorted,ordinary_bst,2000,5,2097194839,2000,1596000,798.000000,2000,128024,13443755682254237430
build,sorted,red_black_tree,2000,6,2097195095,2000,43958,21.979000,19,144104,13443755682254237430
build,sorted,sorted_vector,2000,6,2097195095,2000,36625,18.312500,,127952,13443755682254237430
build,sorted,ordinary_bst,2000,6,2097195095,2000,1561375,780.687500,2000,128024,13443755682254237430
lookup,sorted,red_black_tree,2000,0,2097193516,2000,86208,43.104000,19,144104,4238748710597106110
lookup,sorted,sorted_vector,2000,0,2097193516,2000,69959,34.979500,,127952,4238748710597106110
lookup,sorted,ordinary_bst,2000,0,2097193516,2000,1509917,754.958500,2000,128024,4238748710597106110
lookup,sorted,ordinary_bst,2000,1,2097193772,2000,1516667,758.333500,2000,128024,18125547268513541617
lookup,sorted,sorted_vector,2000,1,2097193772,2000,64334,32.167000,,127952,18125547268513541617
lookup,sorted,red_black_tree,2000,1,2097193772,2000,84208,42.104000,19,144104,18125547268513541617
lookup,sorted,ordinary_bst,2000,2,2097194028,2000,1529791,764.895500,2000,128024,17986616774159158649
lookup,sorted,red_black_tree,2000,2,2097194028,2000,84542,42.271000,19,144104,17986616774159158649
lookup,sorted,sorted_vector,2000,2,2097194028,2000,69709,34.854500,,127952,17986616774159158649
lookup,sorted,ordinary_bst,2000,3,2097194284,2000,1503584,751.792000,2000,128024,12815096749062964296
lookup,sorted,sorted_vector,2000,3,2097194284,2000,70667,35.333500,,127952,12815096749062964296
lookup,sorted,red_black_tree,2000,3,2097194284,2000,75875,37.937500,19,144104,12815096749062964296
lookup,sorted,red_black_tree,2000,4,2097194540,2000,83833,41.916500,19,144104,14255021304274433223
lookup,sorted,ordinary_bst,2000,4,2097194540,2000,1535625,767.812500,2000,128024,14255021304274433223
lookup,sorted,sorted_vector,2000,4,2097194540,2000,74750,37.375000,,127952,14255021304274433223
lookup,sorted,sorted_vector,2000,5,2097194796,2000,64292,32.146000,,127952,7622041161838783049
lookup,sorted,red_black_tree,2000,5,2097194796,2000,83458,41.729000,19,144104,7622041161838783049
lookup,sorted,ordinary_bst,2000,5,2097194796,2000,1516791,758.395500,2000,128024,7622041161838783049
lookup,sorted,ordinary_bst,2000,6,2097195052,2000,1550958,775.479000,2000,128024,8307736035235051443
lookup,sorted,sorted_vector,2000,6,2097195052,2000,70750,35.375000,,127952,8307736035235051443
lookup,sorted,red_black_tree,2000,6,2097195052,2000,82959,41.479500,19,144104,8307736035235051443
build,random,ordinary_bst,2000,0,2097193552,2000,102333,51.166500,25,128024,13443755682254237430
build,random,sorted_vector,2000,0,2097193552,2000,830208,415.104000,,127952,13443755682254237430
build,random,red_black_tree,2000,0,2097193552,2000,127625,63.812500,14,144104,13443755682254237430
build,random,ordinary_bst,2000,1,2097193808,2000,105542,52.771000,23,128024,13443755682254237430
build,random,sorted_vector,2000,1,2097193808,2000,858292,429.146000,,127952,13443755682254237430
build,random,red_black_tree,2000,1,2097193808,2000,130500,65.250000,13,144104,13443755682254237430
build,random,ordinary_bst,2000,2,2097194064,2000,92667,46.333500,25,128024,13443755682254237430
build,random,sorted_vector,2000,2,2097194064,2000,852709,426.354500,,127952,13443755682254237430
build,random,red_black_tree,2000,2,2097194064,2000,135417,67.708500,13,144104,13443755682254237430
build,random,ordinary_bst,2000,3,2097194320,2000,93958,46.979000,26,128024,13443755682254237430
build,random,sorted_vector,2000,3,2097194320,2000,841959,420.979500,,127952,13443755682254237430
build,random,red_black_tree,2000,3,2097194320,2000,128583,64.291500,14,144104,13443755682254237430
build,random,ordinary_bst,2000,4,2097194576,2000,91792,45.896000,23,128024,13443755682254237430
build,random,red_black_tree,2000,4,2097194576,2000,111125,55.562500,13,144104,13443755682254237430
build,random,sorted_vector,2000,4,2097194576,2000,876208,438.104000,,127952,13443755682254237430
build,random,ordinary_bst,2000,5,2097194832,2000,91458,45.729000,26,128024,13443755682254237430
build,random,red_black_tree,2000,5,2097194832,2000,120209,60.104500,14,144104,13443755682254237430
build,random,sorted_vector,2000,5,2097194832,2000,828375,414.187500,,127952,13443755682254237430
build,random,sorted_vector,2000,6,2097195088,2000,875167,437.583500,,127952,13443755682254237430
build,random,ordinary_bst,2000,6,2097195088,2000,99292,49.646000,27,128024,13443755682254237430
build,random,red_black_tree,2000,6,2097195088,2000,116583,58.291500,13,144104,13443755682254237430
lookup,random,ordinary_bst,2000,0,2097193517,2000,79125,39.562500,23,128024,18425661476632752690
lookup,random,sorted_vector,2000,0,2097193517,2000,69083,34.541500,,127952,18425661476632752690
lookup,random,red_black_tree,2000,0,2097193517,2000,76084,38.042000,13,144104,18425661476632752690
lookup,random,red_black_tree,2000,1,2097193773,2000,85875,42.937500,14,144104,1238594126780926572
lookup,random,sorted_vector,2000,1,2097193773,2000,71458,35.729000,,127952,1238594126780926572
lookup,random,ordinary_bst,2000,1,2097193773,2000,92375,46.187500,26,128024,1238594126780926572
lookup,random,ordinary_bst,2000,2,2097194029,2000,79917,39.958500,24,128024,8279255519899774715
lookup,random,red_black_tree,2000,2,2097194029,2000,77125,38.562500,13,144104,8279255519899774715
lookup,random,sorted_vector,2000,2,2097194029,2000,63291,31.645500,,127952,8279255519899774715
lookup,random,red_black_tree,2000,3,2097194285,2000,89083,44.541500,13,144104,15320076711550205568
lookup,random,sorted_vector,2000,3,2097194285,2000,63000,31.500000,,127952,15320076711550205568
lookup,random,ordinary_bst,2000,3,2097194285,2000,80542,40.271000,25,128024,15320076711550205568
lookup,random,sorted_vector,2000,4,2097194541,2000,70083,35.041500,,127952,10962468193201966601
lookup,random,ordinary_bst,2000,4,2097194541,2000,78833,39.416500,22,128024,10962468193201966601
lookup,random,red_black_tree,2000,4,2097194541,2000,77042,38.521000,13,144104,10962468193201966601
lookup,random,red_black_tree,2000,5,2097194797,2000,79875,39.937500,14,144104,3668103931033598183
lookup,random,ordinary_bst,2000,5,2097194797,2000,79583,39.791500,28,128024,3668103931033598183
lookup,random,sorted_vector,2000,5,2097194797,2000,69542,34.771000,,127952,3668103931033598183
lookup,random,ordinary_bst,2000,6,2097195053,2000,80167,40.083500,24,128024,4953046519480926974
lookup,random,sorted_vector,2000,6,2097195053,2000,69500,34.750000,,127952,4953046519480926974
lookup,random,red_black_tree,2000,6,2097195053,2000,84250,42.125000,13,144104,4953046519480926974
build,nearly_sorted,ordinary_bst,2000,0,2097193553,2000,1533000,766.500000,1907,128024,13443755682254237430
build,nearly_sorted,sorted_vector,2000,0,2097193553,2000,39959,19.979500,,127952,13443755682254237430
build,nearly_sorted,red_black_tree,2000,0,2097193553,2000,51709,25.854500,19,144104,13443755682254237430
build,nearly_sorted,red_black_tree,2000,1,2097193809,2000,52125,26.062500,19,144104,13443755682254237430
build,nearly_sorted,sorted_vector,2000,1,2097193809,2000,43750,21.875000,,127952,13443755682254237430
build,nearly_sorted,ordinary_bst,2000,1,2097193809,2000,1494166,747.083000,1903,128024,13443755682254237430
build,nearly_sorted,sorted_vector,2000,2,2097194065,2000,42334,21.167000,,127952,13443755682254237430
build,nearly_sorted,ordinary_bst,2000,2,2097194065,2000,1464625,732.312500,1908,128024,13443755682254237430
build,nearly_sorted,red_black_tree,2000,2,2097194065,2000,46334,23.167000,19,144104,13443755682254237430
build,nearly_sorted,ordinary_bst,2000,3,2097194321,2000,1519667,759.833500,1907,128024,13443755682254237430
build,nearly_sorted,red_black_tree,2000,3,2097194321,2000,48958,24.479000,19,144104,13443755682254237430
build,nearly_sorted,sorted_vector,2000,3,2097194321,2000,42834,21.417000,,127952,13443755682254237430
build,nearly_sorted,sorted_vector,2000,4,2097194577,2000,39250,19.625000,,127952,13443755682254237430
build,nearly_sorted,red_black_tree,2000,4,2097194577,2000,48834,24.417000,19,144104,13443755682254237430
build,nearly_sorted,ordinary_bst,2000,4,2097194577,2000,1491667,745.833500,1906,128024,13443755682254237430
build,nearly_sorted,sorted_vector,2000,5,2097194833,2000,43166,21.583000,,127952,13443755682254237430
build,nearly_sorted,ordinary_bst,2000,5,2097194833,2000,1473417,736.708500,1901,128024,13443755682254237430
build,nearly_sorted,red_black_tree,2000,5,2097194833,2000,47917,23.958500,19,144104,13443755682254237430
build,nearly_sorted,sorted_vector,2000,6,2097195089,2000,42750,21.375000,,127952,13443755682254237430
build,nearly_sorted,red_black_tree,2000,6,2097195089,2000,49167,24.583500,19,144104,13443755682254237430
build,nearly_sorted,ordinary_bst,2000,6,2097195089,2000,1516333,758.166500,1909,128024,13443755682254237430
lookup,nearly_sorted,red_black_tree,2000,0,2097193518,2000,85125,42.562500,19,144104,9976469647698011820
lookup,nearly_sorted,sorted_vector,2000,0,2097193518,2000,64250,32.125000,,127952,9976469647698011820
lookup,nearly_sorted,ordinary_bst,2000,0,2097193518,2000,1429792,714.896000,1904,128024,9976469647698011820
lookup,nearly_sorted,sorted_vector,2000,1,2097193774,2000,71083,35.541500,,127952,786276055641394656
lookup,nearly_sorted,ordinary_bst,2000,1,2097193774,2000,1433917,716.958500,1903,128024,786276055641394656
lookup,nearly_sorted,red_black_tree,2000,1,2097193774,2000,85084,42.542000,19,144104,786276055641394656
lookup,nearly_sorted,sorted_vector,2000,2,2097194030,2000,71125,35.562500,,127952,10411710621662722180
lookup,nearly_sorted,ordinary_bst,2000,2,2097194030,2000,1434209,717.104500,1905,128024,10411710621662722180
lookup,nearly_sorted,red_black_tree,2000,2,2097194030,2000,85000,42.500000,19,144104,10411710621662722180
lookup,nearly_sorted,ordinary_bst,2000,3,2097194286,2000,1456667,728.333500,1905,128024,9103159364747660430
lookup,nearly_sorted,red_black_tree,2000,3,2097194286,2000,82166,41.083000,19,144104,9103159364747660430
lookup,nearly_sorted,sorted_vector,2000,3,2097194286,2000,71792,35.896000,,127952,9103159364747660430
lookup,nearly_sorted,red_black_tree,2000,4,2097194542,2000,84750,42.375000,19,144104,7690046349683671002
lookup,nearly_sorted,sorted_vector,2000,4,2097194542,2000,66792,33.396000,,127952,7690046349683671002
lookup,nearly_sorted,ordinary_bst,2000,4,2097194542,2000,1426791,713.395500,1907,128024,7690046349683671002
lookup,nearly_sorted,red_black_tree,2000,5,2097194798,2000,81084,40.542000,19,144104,15205075454330893597
lookup,nearly_sorted,sorted_vector,2000,5,2097194798,2000,63875,31.937500,,127952,15205075454330893597
lookup,nearly_sorted,ordinary_bst,2000,5,2097194798,2000,1477458,738.729000,1910,128024,15205075454330893597
lookup,nearly_sorted,ordinary_bst,2000,6,2097195054,2000,1451959,725.979500,1903,128024,2362686333904469644
lookup,nearly_sorted,sorted_vector,2000,6,2097195054,2000,70250,35.125000,,127952,2362686333904469644
lookup,nearly_sorted,red_black_tree,2000,6,2097195054,2000,79792,39.896000,19,144104,2362686333904469644
read_heavy,random,sorted_vector,2000,0,2097193841,4000,446916,111.729000,,127952,7499607876432399555
read_heavy,random,red_black_tree,2000,0,2097193841,4000,116000,29.000000,15,144104,7499607876432399555
read_heavy,random,ordinary_bst,2000,0,2097193841,4000,196750,49.187500,376,128024,7499607876432399555
read_heavy,random,sorted_vector,2000,1,2097193585,4000,450208,112.552000,,127952,2967514597018924863
read_heavy,random,red_black_tree,2000,1,2097193585,4000,130333,32.583250,15,144104,2967514597018924863
read_heavy,random,ordinary_bst,2000,1,2097193585,4000,192666,48.166500,373,128024,2967514597018924863
read_heavy,random,sorted_vector,2000,2,2097194353,4000,427584,106.896000,,127952,10249070188425543507
read_heavy,random,red_black_tree,2000,2,2097194353,4000,114084,28.521000,15,144104,10249070188425543507
read_heavy,random,ordinary_bst,2000,2,2097194353,4000,189958,47.489500,371,128024,10249070188425543507
read_heavy,random,ordinary_bst,2000,3,2097194097,4000,193000,48.250000,373,128024,17143113452628189396
read_heavy,random,red_black_tree,2000,3,2097194097,4000,116667,29.166750,15,144104,17143113452628189396
read_heavy,random,sorted_vector,2000,3,2097194097,4000,456125,114.031250,,127952,17143113452628189396
read_heavy,random,sorted_vector,2000,4,2097194865,4000,419667,104.916750,,127952,9766386070232653889
read_heavy,random,ordinary_bst,2000,4,2097194865,4000,197959,49.489750,364,128024,9766386070232653889
read_heavy,random,red_black_tree,2000,4,2097194865,4000,120042,30.010500,15,144104,9766386070232653889
read_heavy,random,ordinary_bst,2000,5,2097194609,4000,216250,54.062500,362,128024,2709043878829699123
read_heavy,random,red_black_tree,2000,5,2097194609,4000,119208,29.802000,14,144104,2709043878829699123
read_heavy,random,sorted_vector,2000,5,2097194609,4000,463666,115.916500,,127952,2709043878829699123
read_heavy,random,red_black_tree,2000,6,2097195377,4000,115416,28.854000,16,144104,17897453533029375821
read_heavy,random,sorted_vector,2000,6,2097195377,4000,455042,113.760500,,127952,17897453533029375821
read_heavy,random,ordinary_bst,2000,6,2097195377,4000,206375,51.593750,373,128024,17897453533029375821
update_heavy,random,red_black_tree,2000,0,2097193933,4000,190542,47.635500,17,144104,1322018453460279301
update_heavy,random,ordinary_bst,2000,0,2097193933,4000,1513541,378.385250,1127,128024,1322018453460279301
update_heavy,random,sorted_vector,2000,0,2097193933,4000,1384792,346.198000,,127952,1322018453460279301
update_heavy,random,sorted_vector,2000,1,2097193677,4000,1400334,350.083500,,127952,3406287181608203193
update_heavy,random,ordinary_bst,2000,1,2097193677,4000,1599417,399.854250,1116,128024,3406287181608203193
update_heavy,random,red_black_tree,2000,1,2097193677,4000,196917,49.229250,16,144104,3406287181608203193
update_heavy,random,ordinary_bst,2000,2,2097194445,4000,1529792,382.448000,1100,128024,8236867016746737737
update_heavy,random,sorted_vector,2000,2,2097194445,4000,1337458,334.364500,,127952,8236867016746737737
update_heavy,random,red_black_tree,2000,2,2097194445,4000,185166,46.291500,16,144104,8236867016746737737
update_heavy,random,ordinary_bst,2000,3,2097194189,4000,1460542,365.135500,1118,128024,18344136951195532780
update_heavy,random,red_black_tree,2000,3,2097194189,4000,195666,48.916500,17,144104,18344136951195532780
update_heavy,random,sorted_vector,2000,3,2097194189,4000,1394167,348.541750,,127952,18344136951195532780
update_heavy,random,red_black_tree,2000,4,2097194957,4000,205125,51.281250,16,144104,1202846484792266642
update_heavy,random,ordinary_bst,2000,4,2097194957,4000,1556583,389.145750,1103,128024,1202846484792266642
update_heavy,random,sorted_vector,2000,4,2097194957,4000,1365125,341.281250,,209872,1202846484792266642
update_heavy,random,red_black_tree,2000,5,2097194701,4000,204583,51.145750,16,144104,5612403232477617349
update_heavy,random,sorted_vector,2000,5,2097194701,4000,1366541,341.635250,,127952,5612403232477617349
update_heavy,random,ordinary_bst,2000,5,2097194701,4000,1560000,390.000000,1092,128024,5612403232477617349
update_heavy,random,ordinary_bst,2000,6,2097195469,4000,1511167,377.791750,1094,128024,8962257297326138047
update_heavy,random,red_black_tree,2000,6,2097195469,4000,211542,52.885500,16,144104,8962257297326138047
update_heavy,random,sorted_vector,2000,6,2097195469,4000,1296750,324.187500,,127952,8962257297326138047
build,sorted,sorted_vector,4000,0,4194345559,4000,84375,21.093750,,255872,14713656301665212913
build,sorted,ordinary_bst,4000,0,4194345559,4000,20975167,5243.791750,4000,256024,14713656301665212913
build,sorted,red_black_tree,4000,0,4194345559,4000,115125,28.781250,21,288104,14713656301665212913
build,sorted,red_black_tree,4000,1,4194345815,4000,115250,28.812500,21,288104,14713656301665212913
build,sorted,ordinary_bst,4000,1,4194345815,4000,22311166,5577.791500,4000,256024,14713656301665212913
build,sorted,sorted_vector,4000,1,4194345815,4000,84709,21.177250,,255872,14713656301665212913
build,sorted,sorted_vector,4000,2,4194346071,4000,84209,21.052250,,255872,14713656301665212913
build,sorted,red_black_tree,4000,2,4194346071,4000,112417,28.104250,21,288104,14713656301665212913
build,sorted,ordinary_bst,4000,2,4194346071,4000,21689250,5422.312500,4000,256024,14713656301665212913
build,sorted,red_black_tree,4000,3,4194346327,4000,111833,27.958250,21,288104,14713656301665212913
build,sorted,sorted_vector,4000,3,4194346327,4000,84417,21.104250,,255872,14713656301665212913
build,sorted,ordinary_bst,4000,3,4194346327,4000,20014250,5003.562500,4000,256024,14713656301665212913
build,sorted,ordinary_bst,4000,4,4194346583,4000,18744000,4686.000000,4000,256024,14713656301665212913
build,sorted,sorted_vector,4000,4,4194346583,4000,85750,21.437500,,255872,14713656301665212913
build,sorted,red_black_tree,4000,4,4194346583,4000,87542,21.885500,21,288104,14713656301665212913
build,sorted,ordinary_bst,4000,5,4194346839,4000,23187334,5796.833500,4000,256024,14713656301665212913
build,sorted,red_black_tree,4000,5,4194346839,4000,89708,22.427000,21,288104,14713656301665212913
build,sorted,sorted_vector,4000,5,4194346839,4000,84292,21.073000,,255872,14713656301665212913
build,sorted,sorted_vector,4000,6,4194347095,4000,83875,20.968750,,255872,14713656301665212913
build,sorted,red_black_tree,4000,6,4194347095,4000,86500,21.625000,21,288104,14713656301665212913
build,sorted,ordinary_bst,4000,6,4194347095,4000,20414291,5103.572750,4000,256024,14713656301665212913
lookup,sorted,sorted_vector,4000,0,4194345516,4000,153750,38.437500,,255872,6609634632306929636
lookup,sorted,red_black_tree,4000,0,4194345516,4000,217250,54.312500,21,288104,6609634632306929636
lookup,sorted,ordinary_bst,4000,0,4194345516,4000,24761792,6190.448000,4000,256024,6609634632306929636
lookup,sorted,ordinary_bst,4000,1,4194345772,4000,19679791,4919.947750,4000,256024,266710609761512735
lookup,sorted,red_black_tree,4000,1,4194345772,4000,205500,51.375000,21,288104,266710609761512735
lookup,sorted,sorted_vector,4000,1,4194345772,4000,149250,37.312500,,255872,266710609761512735
lookup,sorted,red_black_tree,4000,2,4194346028,4000,207292,51.823000,21,288104,3211882696461766854
lookup,sorted,ordinary_bst,4000,2,4194346028,4000,17107708,4276.927000,4000,256024,3211882696461766854
lookup,sorted,sorted_vector,4000,2,4194346028,4000,148417,37.104250,,255872,3211882696461766854
lookup,sorted,red_black_tree,4000,3,4194346284,4000,206583,51.645750,21,288104,13349971491726908522
lookup,sorted,ordinary_bst,4000,3,4194346284,4000,22914833,5728.708250,4000,256024,13349971491726908522
lookup,sorted,sorted_vector,4000,3,4194346284,4000,148125,37.031250,,255872,13349971491726908522
lookup,sorted,red_black_tree,4000,4,4194346540,4000,206125,51.531250,21,288104,5663308773381136697
lookup,sorted,sorted_vector,4000,4,4194346540,4000,148625,37.156250,,255872,5663308773381136697
lookup,sorted,ordinary_bst,4000,4,4194346540,4000,18950583,4737.645750,4000,256024,5663308773381136697
lookup,sorted,red_black_tree,4000,5,4194346796,4000,203500,50.875000,21,288104,14355336070499607562
lookup,sorted,ordinary_bst,4000,5,4194346796,4000,21647791,5411.947750,4000,256024,14355336070499607562
lookup,sorted,sorted_vector,4000,5,4194346796,4000,148500,37.125000,,255872,14355336070499607562
lookup,sorted,sorted_vector,4000,6,4194347052,4000,153083,38.270750,,255872,897050544060468438
lookup,sorted,ordinary_bst,4000,6,4194347052,4000,23709000,5927.250000,4000,256024,897050544060468438
lookup,sorted,red_black_tree,4000,6,4194347052,4000,206292,51.573000,21,288104,897050544060468438
build,random,ordinary_bst,4000,0,4194345552,4000,208041,52.010250,31,256024,14713656301665212913
build,random,red_black_tree,4000,0,4194345552,4000,270667,67.666750,15,288104,14713656301665212913
build,random,sorted_vector,4000,0,4194345552,4000,3233292,808.323000,,255872,14713656301665212913
build,random,sorted_vector,4000,1,4194345808,4000,3235416,808.854000,,255872,14713656301665212913
build,random,red_black_tree,4000,1,4194345808,4000,270375,67.593750,15,288104,14713656301665212913
build,random,ordinary_bst,4000,1,4194345808,4000,215709,53.927250,31,256024,14713656301665212913
build,random,red_black_tree,4000,2,4194346064,4000,262958,65.739500,15,288104,14713656301665212913
build,random,sorted_vector,4000,2,4194346064,4000,3230125,807.531250,,255872,14713656301665212913
build,random,ordinary_bst,4000,2,4194346064,4000,223208,55.802000,29,256024,14713656301665212913
build,random,ordinary_bst,4000,3,4194346320,4000,219250,54.812500,28,256024,14713656301665212913
build,random,sorted_vector,4000,3,4194346320,4000,3185500,796.375000,,255872,14713656301665212913
build,random,red_black_tree,4000,3,4194346320,4000,274375,68.593750,15,288104,14713656301665212913
build,random,ordinary_bst,4000,4,4194346576,4000,226167,56.541750,28,256024,14713656301665212913
build,random,red_black_tree,4000,4,4194346576,4000,272667,68.166750,15,288104,14713656301665212913
build,random,sorted_vector,4000,4,4194346576,4000,3093000,773.250000,,255872,14713656301665212913
build,random,red_black_tree,4000,5,4194346832,4000,270875,67.718750,15,288104,14713656301665212913
build,random,sorted_vector,4000,5,4194346832,4000,3188833,797.208250,,255872,14713656301665212913
build,random,ordinary_bst,4000,5,4194346832,4000,225000,56.250000,26,256024,14713656301665212913
build,random,sorted_vector,4000,6,4194347088,4000,3273333,818.333250,,255872,14713656301665212913
build,random,red_black_tree,4000,6,4194347088,4000,268834,67.208500,15,288104,14713656301665212913
build,random,ordinary_bst,4000,6,4194347088,4000,219125,54.781250,25,256024,14713656301665212913
lookup,random,ordinary_bst,4000,0,4194345517,4000,199125,49.781250,29,256024,13130389743321921081
lookup,random,sorted_vector,4000,0,4194345517,4000,150917,37.729250,,255872,13130389743321921081
lookup,random,red_black_tree,4000,0,4194345517,4000,200917,50.229250,15,288104,13130389743321921081
lookup,random,ordinary_bst,4000,1,4194345773,4000,208125,52.031250,27,256024,12119248511707739492
lookup,random,red_black_tree,4000,1,4194345773,4000,203792,50.948000,14,288104,12119248511707739492
lookup,random,sorted_vector,4000,1,4194345773,4000,151333,37.833250,,255872,12119248511707739492
lookup,random,sorted_vector,4000,2,4194346029,4000,159208,39.802000,,255872,2920977023330400280
lookup,random,red_black_tree,4000,2,4194346029,4000,207541,51.885250,15,288104,2920977023330400280
lookup,random,ordinary_bst,4000,2,4194346029,4000,204833,51.208250,32,256024,2920977023330400280
lookup,random,ordinary_bst,4000,3,4194346285,4000,209917,52.479250,26,256024,15649827264087876668
lookup,random,sorted_vector,4000,3,4194346285,4000,162791,40.697750,,255872,15649827264087876668
lookup,random,red_black_tree,4000,3,4194346285,4000,213000,53.250000,15,288104,15649827264087876668
lookup,random,ordinary_bst,4000,4,4194346541,4000,221000,55.250000,29,256024,16899461832303905073
lookup,random,red_black_tree,4000,4,4194346541,4000,217667,54.416750,14,288104,16899461832303905073
lookup,random,sorted_vector,4000,4,4194346541,4000,160417,40.104250,,255872,16899461832303905073
lookup,random,red_black_tree,4000,5,4194346797,4000,205417,51.354250,14,288104,4507575307649323761
lookup,random,ordinary_bst,4000,5,4194346797,4000,205083,51.270750,24,256024,4507575307649323761
lookup,random,sorted_vector,4000,5,4194346797,4000,150333,37.583250,,255872,4507575307649323761
lookup,random,ordinary_bst,4000,6,4194347053,4000,223708,55.927000,27,256024,2664759765801369618
lookup,random,red_black_tree,4000,6,4194347053,4000,206625,51.656250,14,288104,2664759765801369618
lookup,random,sorted_vector,4000,6,4194347053,4000,160625,40.156250,,255872,2664759765801369618
build,nearly_sorted,ordinary_bst,4000,0,4194345553,4000,19887916,4971.979000,3819,256024,14713656301665212913
build,nearly_sorted,red_black_tree,4000,0,4194345553,4000,94292,23.573000,21,288104,14713656301665212913
build,nearly_sorted,sorted_vector,4000,0,4194345553,4000,89458,22.364500,,255872,14713656301665212913
build,nearly_sorted,ordinary_bst,4000,1,4194345809,4000,20016750,5004.187500,3817,256024,14713656301665212913
build,nearly_sorted,sorted_vector,4000,1,4194345809,4000,88875,22.218750,,255872,14713656301665212913
build,nearly_sorted,red_black_tree,4000,1,4194345809,4000,91209,22.802250,21,288104,14713656301665212913
build,nearly_sorted,ordinary_bst,4000,2,4194346065,4000,18209917,4552.479250,3824,256024,14713656301665212913
build,nearly_sorted,red_black_tree,4000,2,4194346065,4000,89417,22.354250,21,288104,14713656301665212913
build,nearly_sorted,sorted_vector,4000,2,4194346065,4000,88375,22.093750,,255872,14713656301665212913
build,nearly_sorted,sorted_vector,4000,3,4194346321,4000,88458,22.114500,,255872,14713656301665212913
build,nearly_sorted,red_black_tree,4000,3,4194346321,4000,89291,22.322750,21,288104,14713656301665212913
build,nearly_sorted,ordinary_bst,4000,3,4194346321,4000,20136667,5034.166750,3817,256024,14713656301665212913
build,nearly_sorted,sorted_vector,4000,4,4194346577,4000,89208,22.302000,,255872,14713656301665212913
build,nearly_sorted,red_black_tree,4000,4,4194346577,4000,88875,22.218750,21,288104,14713656301665212913
build,nearly_sorted,ordinary_bst,4000,4,4194346577,4000,20458125,5114.531250,3812,256024,14713656301665212913
build,nearly_sorted,sorted_vector,4000,5,4194346833,4000,88667,22.166750,,255872,14713656301665212913
build,nearly_sorted,ordinary_bst,4000,5,4194346833,4000,17540875,4385.218750,3817,256024,14713656301665212913
build,nearly_sorted,red_black_tree,4000,5,4194346833,4000,88042,22.010500,21,288104,14713656301665212913
build,nearly_sorted,ordinary_bst,4000,6,4194347089,4000,18498625,4624.656250,3816,256024,14713656301665212913
build,nearly_sorted,red_black_tree,4000,6,4194347089,4000,87750,21.937500,21,288104,14713656301665212913
build,nearly_sorted,sorted_vector,4000,6,4194347089,4000,88333,22.083250,,255872,14713656301665212913
lookup,nearly_sorted,sorted_vector,4000,0,4194345518,4000,151458,37.864500,,255872,9876634909793086811
lookup,nearly_sorted,ordinary_bst,4000,0,4194345518,4000,21761666,5440.416500,3812,256024,9876634909793086811
lookup,nearly_sorted,red_black_tree,4000,0,4194345518,4000,205833,51.458250,21,288104,9876634909793086811
lookup,nearly_sorted,sorted_vector,4000,1,4194345774,4000,151125,37.781250,,255872,492045064847854702
lookup,nearly_sorted,red_black_tree,4000,1,4194345774,4000,195542,48.885500,21,288104,492045064847854702
lookup,nearly_sorted,ordinary_bst,4000,1,4194345774,4000,21853583,5463.395750,3818,256024,492045064847854702
lookup,nearly_sorted,sorted_vector,4000,2,4194346030,4000,153334,38.333500,,255872,16122639640494754585
lookup,nearly_sorted,red_black_tree,4000,2,4194346030,4000,195333,48.833250,21,288104,16122639640494754585
lookup,nearly_sorted,ordinary_bst,4000,2,4194346030,4000,23893834,5973.458500,3816,256024,16122639640494754585
lookup,nearly_sorted,sorted_vector,4000,3,4194346286,4000,151541,37.885250,,255872,5828433652119246633
lookup,nearly_sorted,ordinary_bst,4000,3,4194346286,4000,19347125,4836.781250,3810,256024,5828433652119246633
lookup,nearly_sorted,red_black_tree,4000,3,4194346286,4000,220625,55.156250,21,288104,5828433652119246633
lookup,nearly_sorted,red_black_tree,4000,4,4194346542,4000,204708,51.177000,21,288104,15922881149458410630
lookup,nearly_sorted,ordinary_bst,4000,4,4194346542,4000,21928084,5482.021000,3815,256024,15922881149458410630
lookup,nearly_sorted,sorted_vector,4000,4,4194346542,4000,150000,37.500000,,255872,15922881149458410630
lookup,nearly_sorted,red_black_tree,4000,5,4194346798,4000,204083,51.020750,21,288104,17411346719971908851
lookup,nearly_sorted,sorted_vector,4000,5,4194346798,4000,152458,38.114500,,255872,17411346719971908851
lookup,nearly_sorted,ordinary_bst,4000,5,4194346798,4000,25762917,6440.729250,3811,256024,17411346719971908851
lookup,nearly_sorted,red_black_tree,4000,6,4194347054,4000,214500,53.625000,21,288104,16919933365821060171
lookup,nearly_sorted,ordinary_bst,4000,6,4194347054,4000,19172041,4793.010250,3817,256024,16919933365821060171
lookup,nearly_sorted,sorted_vector,4000,6,4194347054,4000,149958,37.489500,,255872,16919933365821060171
read_heavy,random,ordinary_bst,4000,0,4194345841,8000,602792,75.349000,722,256024,15056767403099378197
read_heavy,random,sorted_vector,4000,0,4194345841,8000,1514667,189.333375,,255872,15056767403099378197
read_heavy,random,red_black_tree,4000,0,4194345841,8000,279500,34.937500,16,288104,15056767403099378197
read_heavy,random,sorted_vector,4000,1,4194345585,8000,1561584,195.198000,,255872,941500822286256025
read_heavy,random,red_black_tree,4000,1,4194345585,8000,296000,37.000000,16,288104,941500822286256025
read_heavy,random,ordinary_bst,4000,1,4194345585,8000,609791,76.223875,731,256024,941500822286256025
read_heavy,random,ordinary_bst,4000,2,4194346353,8000,585166,73.145750,735,256024,1150113475952664988
read_heavy,random,red_black_tree,4000,2,4194346353,8000,272459,34.057375,17,288104,1150113475952664988
read_heavy,random,sorted_vector,4000,2,4194346353,8000,1519250,189.906250,,255872,1150113475952664988
read_heavy,random,sorted_vector,4000,3,4194346097,8000,1564125,195.515625,,255872,16057949054109688850
read_heavy,random,red_black_tree,4000,3,4194346097,8000,287000,35.875000,16,288104,16057949054109688850
read_heavy,random,ordinary_bst,4000,3,4194346097,8000,620458,77.557250,729,256024,16057949054109688850
read_heavy,random,red_black_tree,4000,4,4194346865,8000,279542,34.942750,17,288104,5221245158186747718
read_heavy,random,ordinary_bst,4000,4,4194346865,8000,579500,72.437500,730,256024,5221245158186747718
read_heavy,random,sorted_vector,4000,4,4194346865,8000,1546375,193.296875,,255872,5221245158186747718
read_heavy,random,ordinary_bst,4000,5,4194346609,8000,624583,78.072875,726,256024,16752508253558643650
read_heavy,random,red_black_tree,4000,5,4194346609,8000,281500,35.187500,15,288104,16752508253558643650
read_heavy,random,sorted_vector,4000,5,4194346609,8000,1554125,194.265625,,255872,16752508253558643650
read_heavy,random,red_black_tree,4000,6,4194347377,8000,280542,35.067750,17,288104,14849185649507433632
read_heavy,random,ordinary_bst,4000,6,4194347377,8000,598250,74.781250,742,256024,14849185649507433632
read_heavy,random,sorted_vector,4000,6,4194347377,8000,1607083,200.885375,,255872,14849185649507433632
update_heavy,random,ordinary_bst,4000,0,4194345933,8000,8780833,1097.604125,2225,256024,13409799089171300445
update_heavy,random,sorted_vector,4000,0,4194345933,8000,5265417,658.177125,,255872,13409799089171300445
update_heavy,random,red_black_tree,4000,0,4194345933,8000,419166,52.395750,18,288104,13409799089171300445
update_heavy,random,red_black_tree,4000,1,4194345677,8000,446250,55.781250,18,288104,9097477590947388642
update_heavy,random,ordinary_bst,4000,1,4194345677,8000,9054958,1131.869750,2190,256024,9097477590947388642
update_heavy,random,sorted_vector,4000,1,4194345677,8000,5335458,666.932250,,255872,9097477590947388642
update_heavy,random,ordinary_bst,4000,2,4194346445,8000,9187125,1148.390625,2241,256024,10910605185236033414
update_heavy,random,red_black_tree,4000,2,4194346445,8000,426042,53.255250,18,288104,10910605185236033414
update_heavy,random,sorted_vector,4000,2,4194346445,8000,5390583,673.822875,,255872,10910605185236033414
update_heavy,random,red_black_tree,4000,3,4194346189,8000,457084,57.135500,17,288104,16833351280211645614
update_heavy,random,ordinary_bst,4000,3,4194346189,8000,8448375,1056.046875,2194,256024,16833351280211645614
update_heavy,random,sorted_vector,4000,3,4194346189,8000,5246791,655.848875,,255872,16833351280211645614
update_heavy,random,sorted_vector,4000,4,4194346957,8000,5308625,663.578125,,255872,8496070985721584402
update_heavy,random,ordinary_bst,4000,4,4194346957,8000,8801250,1100.156250,2181,256024,8496070985721584402
update_heavy,random,red_black_tree,4000,4,4194346957,8000,425292,53.161500,17,288104,8496070985721584402
update_heavy,random,red_black_tree,4000,5,4194346701,8000,442500,55.312500,18,288104,11318698515541397420
update_heavy,random,ordinary_bst,4000,5,4194346701,8000,8634708,1079.338500,2218,256024,11318698515541397420
update_heavy,random,sorted_vector,4000,5,4194346701,8000,5242000,655.250000,,255872,11318698515541397420
update_heavy,random,sorted_vector,4000,6,4194347469,8000,5371375,671.421875,,255872,1932181111052203578
update_heavy,random,ordinary_bst,4000,6,4194347469,8000,9230000,1153.750000,2226,256024,1932181111052203578
update_heavy,random,red_black_tree,4000,6,4194347469,8000,421792,52.724000,17,288104,1932181111052203578
build,sorted,ordinary_bst,8000,0,8388649559,8000,66009166,8251.145750,8000,512024,16124729073254783456
build,sorted,red_black_tree,8000,0,8388649559,8000,199584,24.948000,23,576104,16124729073254783456
build,sorted,sorted_vector,8000,0,8388649559,8000,207834,25.979250,,511712,16124729073254783456
build,sorted,red_black_tree,8000,1,8388649815,8000,200667,25.083375,23,576104,16124729073254783456
build,sorted,sorted_vector,8000,1,8388649815,8000,200167,25.020875,,511712,16124729073254783456
build,sorted,ordinary_bst,8000,1,8388649815,8000,66906292,8363.286500,8000,512024,16124729073254783456
build,sorted,red_black_tree,8000,2,8388650071,8000,198292,24.786500,23,576104,16124729073254783456
build,sorted,sorted_vector,8000,2,8388650071,8000,215583,26.947875,,511712,16124729073254783456
build,sorted,ordinary_bst,8000,2,8388650071,8000,67186583,8398.322875,8000,512024,16124729073254783456
build,sorted,sorted_vector,8000,3,8388650327,8000,206292,25.786500,,511712,16124729073254783456
build,sorted,red_black_tree,8000,3,8388650327,8000,197875,24.734375,23,576104,16124729073254783456
build,sorted,ordinary_bst,8000,3,8388650327,8000,64098375,8012.296875,8000,512024,16124729073254783456
build,sorted,ordinary_bst,8000,4,8388650583,8000,59098334,7387.291750,8000,512024,16124729073254783456
build,sorted,sorted_vector,8000,4,8388650583,8000,191500,23.937500,,511712,16124729073254783456
build,sorted,red_black_tree,8000,4,8388650583,8000,184292,23.036500,23,576104,16124729073254783456
build,sorted,sorted_vector,8000,5,8388650839,8000,192333,24.041625,,511712,16124729073254783456
build,sorted,red_black_tree,8000,5,8388650839,8000,181084,22.635500,23,576104,16124729073254783456
build,sorted,ordinary_bst,8000,5,8388650839,8000,56676417,7084.552125,8000,512024,16124729073254783456
build,sorted,ordinary_bst,8000,6,8388651095,8000,57807042,7225.880250,8000,512024,16124729073254783456
build,sorted,red_black_tree,8000,6,8388651095,8000,257375,32.171875,23,576104,16124729073254783456
build,sorted,sorted_vector,8000,6,8388651095,8000,190083,23.760375,,511712,16124729073254783456
lookup,sorted,red_black_tree,8000,0,8388649516,8000,493708,61.713500,23,576104,9389716401407015992
lookup,sorted,sorted_vector,8000,0,8388649516,8000,389667,48.708375,,511712,9389716401407015992
lookup,sorted,ordinary_bst,8000,0,8388649516,8000,74034208,9254.276000,8000,512024,9389716401407015992
lookup,sorted,red_black_tree,8000,1,8388649772,8000,535417,66.927125,23,576104,18117086179451826581
lookup,sorted,ordinary_bst,8000,1,8388649772,8000,81544166,10193.020750,8000,512024,18117086179451826581
lookup,sorted,sorted_vector,8000,1,8388649772,8000,375292,46.911500,,511712,18117086179451826581
lookup,sorted,sorted_vector,8000,2,8388650028,8000,368500,46.062500,,511712,6328007298969700792
lookup,sorted,red_black_tree,8000,2,8388650028,8000,511959,63.994875,23,576104,6328007298969700792
lookup,sorted,ordinary_bst,8000,2,8388650028,8000,81223500,10152.937500,8000,512024,6328007298969700792
lookup,sorted,red_black_tree,8000,3,8388650284,8000,488416,61.052000,23,576104,14268432866480029042
lookup,sorted,sorted_vector,8000,3,8388650284,8000,361833,45.229125,,511712,14268432866480029042
lookup,sorted,ordinary_bst,8000,3,8388650284,8000,95437750,11929.718750,8000,512024,14268432866480029042
lookup,sorted,ordinary_bst,8000,4,8388650540,8000,89440791,11180.098875,8000,512024,14545057855823315693
lookup,sorted,red_black_tree,8000,4,8388650540,8000,542500,67.812500,23,576104,14545057855823315693
lookup,sorted,sorted_vector,8000,4,8388650540,8000,372042,46.505250,,511712,14545057855823315693
lookup,sorted,ordinary_bst,8000,5,8388650796,8000,100946833,12618.354125,8000,512024,7364432639439419011
lookup,sorted,red_black_tree,8000,5,8388650796,8000,529292,66.161500,23,576104,7364432639439419011
lookup,sorted,sorted_vector,8000,5,8388650796,8000,373708,46.713500,,511712,7364432639439419011
lookup,sorted,ordinary_bst,8000,6,8388651052,8000,96060958,12007.619750,8000,512024,17850717355084473431
lookup,sorted,red_black_tree,8000,6,8388651052,8000,565958,70.744750,23,576104,17850717355084473431
lookup,sorted,sorted_vector,8000,6,8388651052,8000,377708,47.213500,,511712,17850717355084473431
build,random,red_black_tree,8000,0,8388649552,8000,638292,79.786500,16,576104,16124729073254783456
build,random,ordinary_bst,8000,0,8388649552,8000,535584,66.948000,28,512024,16124729073254783456
build,random,sorted_vector,8000,0,8388649552,8000,13117083,1639.635375,,511712,16124729073254783456
build,random,ordinary_bst,8000,1,8388649808,8000,502709,62.838625,33,512024,16124729073254783456
build,random,red_black_tree,8000,1,8388649808,8000,647958,80.994750,16,576104,16124729073254783456
build,random,sorted_vector,8000,1,8388649808,8000,13306167,1663.270875,,511712,16124729073254783456
build,random,sorted_vector,8000,2,8388650064,8000,13307667,1663.458375,,511712,16124729073254783456
build,random,red_black_tree,8000,2,8388650064,8000,586333,73.291625,16,576104,16124729073254783456
build,random,ordinary_bst,8000,2,8388650064,8000,531041,66.380125,34,512024,16124729073254783456
build,random,sorted_vector,8000,3,8388650320,8000,13667666,1708.458250,,511712,16124729073254783456
build,random,ordinary_bst,8000,3,8388650320,8000,514125,64.265625,33,512024,16124729073254783456
build,random,red_black_tree,8000,3,8388650320,8000,592208,74.026000,16,576104,16124729073254783456
build,random,ordinary_bst,8000,4,8388650576,8000,489458,61.182250,29,512024,16124729073254783456
build,random,sorted_vector,8000,4,8388650576,8000,13600750,1700.093750,,511712,16124729073254783456
build,random,red_black_tree,8000,4,8388650576,8000,609292,76.161500,16,576104,16124729073254783456
build,random,red_black_tree,8000,5,8388650832,8000,595791,74.473875,16,576104,16124729073254783456
build,random,ordinary_bst,8000,5,8388650832,8000,502750,62.843750,30,512024,16124729073254783456
build,random,sorted_vector,8000,5,8388650832,8000,13645667,1705.708375,,511712,16124729073254783456
build,random,red_black_tree,8000,6,8388651088,8000,592375,74.046875,16,576104,16124729073254783456
build,random,ordinary_bst,8000,6,8388651088,8000,512959,64.119875,30,512024,16124729073254783456
build,random,sorted_vector,8000,6,8388651088,8000,13547625,1693.453125,,511712,16124729073254783456
lookup,random,sorted_vector,8000,0,8388649517,8000,388292,48.536500,,511712,10136949634753737154
lookup,random,ordinary_bst,8000,0,8388649517,8000,518375,64.796875,31,512024,10136949634753737154
lookup,random,red_black_tree,8000,0,8388649517,8000,482541,60.317625,16,576104,10136949634753737154
lookup,random,sorted_vector,8000,1,8388649773,8000,396625,49.578125,,511712,15344780200393522019
lookup,random,ordinary_bst,8000,1,8388649773,8000,504458,63.057250,32,512024,15344780200393522019
lookup,random,red_black_tree,8000,1,8388649773,8000,525291,65.661375,16,576104,15344780200393522019
lookup,random,red_black_tree,8000,2,8388650029,8000,535250,66.906250,16,576104,14122473158904590074
lookup,random,sorted_vector,8000,2,8388650029,8000,391458,48.932250,,511712,14122473158904590074
lookup,random,ordinary_bst,8000,2,8388650029,8000,511916,63.989500,29,512024,14122473158904590074
lookup,random,ordinary_bst,8000,3,8388650285,8000,507208,63.401000,30,512024,2939991685838775526
lookup,random,red_black_tree,8000,3,8388650285,8000,483584,60.448000,16,576104,2939991685838775526
lookup,random,sorted_vector,8000,3,8388650285,8000,382375,47.796875,,511712,2939991685838775526
lookup,random,sorted_vector,8000,4,8388650541,8000,398708,49.838500,,511712,1812893930534092389
lookup,random,red_black_tree,8000,4,8388650541,8000,494458,61.807250,16,576104,1812893930534092389
lookup,random,ordinary_bst,8000,4,8388650541,8000,502583,62.822875,30,512024,1812893930534092389
lookup,random,ordinary_bst,8000,5,8388650797,8000,502458,62.807250,30,512024,6879440558362906579
lookup,random,sorted_vector,8000,5,8388650797,8000,386625,48.328125,,511712,6879440558362906579
lookup,random,red_black_tree,8000,5,8388650797,8000,495375,61.921875,16,576104,6879440558362906579
lookup,random,ordinary_bst,8000,6,8388651053,8000,507000,63.375000,30,512024,7732156984614394093
lookup,random,red_black_tree,8000,6,8388651053,8000,493875,61.734375,16,576104,7732156984614394093
lookup,random,sorted_vector,8000,6,8388651053,8000,407292,50.911500,,511712,7732156984614394093
build,nearly_sorted,red_black_tree,8000,0,8388649553,8000,209250,26.156250,23,576104,16124729073254783456
build,nearly_sorted,ordinary_bst,8000,0,8388649553,8000,71408375,8926.046875,7625,512024,16124729073254783456
build,nearly_sorted,sorted_vector,8000,0,8388649553,8000,219375,27.421875,,511712,16124729073254783456
build,nearly_sorted,ordinary_bst,8000,1,8388649809,8000,65720208,8215.026000,7628,512024,16124729073254783456
build,nearly_sorted,red_black_tree,8000,1,8388649809,8000,189666,23.708250,23,576104,16124729073254783456
build,nearly_sorted,sorted_vector,8000,1,8388649809,8000,199166,24.895750,,511712,16124729073254783456
build,nearly_sorted,sorted_vector,8000,2,8388650065,8000,199292,24.911500,,511712,16124729073254783456
build,nearly_sorted,red_black_tree,8000,2,8388650065,8000,191542,23.942750,23,576104,16124729073254783456
build,nearly_sorted,ordinary_bst,8000,2,8388650065,8000,64419625,8052.453125,7626,512024,16124729073254783456
build,nearly_sorted,red_black_tree,8000,3,8388650321,8000,195875,24.484375,23,576104,16124729073254783456
build,nearly_sorted,ordinary_bst,8000,3,8388650321,8000,59953750,7494.218750,7631,512024,16124729073254783456
build,nearly_sorted,sorted_vector,8000,3,8388650321,8000,219542,27.442750,,511712,16124729073254783456
build,nearly_sorted,sorted_vector,8000,4,8388650577,8000,200583,25.072875,,511712,16124729073254783456
build,nearly_sorted,red_black_tree,8000,4,8388650577,8000,205250,25.656250,23,576104,16124729073254783456
build,nearly_sorted,ordinary_bst,8000,4,8388650577,8000,56088250,7011.031250,7620,512024,16124729073254783456
build,nearly_sorted,sorted_vector,8000,5,8388650833,8000,217500,27.187500,,511712,16124729073254783456
build,nearly_sorted,red_black_tree,8000,5,8388650833,8000,204416,25.552000,23,576104,16124729073254783456
build,nearly_sorted,ordinary_bst,8000,5,8388650833,8000,66119500,8264.937500,7636,512024,16124729073254783456
build,nearly_sorted,red_black_tree,8000,6,8388651089,8000,205666,25.708250,23,576104,16124729073254783456
build,nearly_sorted,ordinary_bst,8000,6,8388651089,8000,61264917,7658.114625,7633,512024,16124729073254783456
build,nearly_sorted,sorted_vector,8000,6,8388651089,8000,218542,27.317750,,511712,16124729073254783456
lookup,nearly_sorted,sorted_vector,8000,0,8388649518,8000,373208,46.651000,,511712,15420682891479646184
lookup,nearly_sorted,red_black_tree,8000,0,8388649518,8000,504292,63.036500,23,576104,15420682891479646184
lookup,nearly_sorted,ordinary_bst,8000,0,8388649518,8000,79291666,9911.458250,7636,512024,15420682891479646184
lookup,nearly_sorted,red_black_tree,8000,1,8388649774,8000,464667,58.083375,23,576104,9749457542671597811
lookup,nearly_sorted,ordinary_bst,8000,1,8388649774,8000,80220459,10027.557375,7628,512024,9749457542671597811
lookup,nearly_sorted,sorted_vector,8000,1,8388649774,8000,363167,45.395875,,511712,9749457542671597811
lookup,nearly_sorted,red_black_tree,8000,2,8388650030,8000,475417,59.427125,23,576104,4666414186580137364
lookup,nearly_sorted,ordinary_bst,8000,2,8388650030,8000,84836292,10604.536500,7626,512024,4666414186580137364
lookup,nearly_sorted,sorted_vector,8000,2,8388650030,8000,403125,50.390625,,511712,4666414186580137364
lookup,nearly_sorted,sorted_vector,8000,3,8388650286,8000,402625,50.328125,,511712,2048902588813970625
lookup,nearly_sorted,red_black_tree,8000,3,8388650286,8000,512542,64.067750,23,576104,2048902588813970625
lookup,nearly_sorted,ordinary_bst,8000,3,8388650286,8000,83318875,10414.859375,7629,512024,2048902588813970625
lookup,nearly_sorted,sorted_vector,8000,4,8388650542,8000,372625,46.578125,,511712,15129958306899707971
lookup,nearly_sorted,red_black_tree,8000,4,8388650542,8000,492375,61.546875,23,576104,15129958306899707971
lookup,nearly_sorted,ordinary_bst,8000,4,8388650542,8000,75495125,9436.890625,7628,512024,15129958306899707971
lookup,nearly_sorted,sorted_vector,8000,5,8388650798,8000,362875,45.359375,,511712,13960414089612037787
lookup,nearly_sorted,red_black_tree,8000,5,8388650798,8000,507208,63.401000,23,576104,13960414089612037787
lookup,nearly_sorted,ordinary_bst,8000,5,8388650798,8000,77919708,9739.963500,7623,512024,13960414089612037787
lookup,nearly_sorted,sorted_vector,8000,6,8388651054,8000,358375,44.796875,,511712,1635173215277910258
lookup,nearly_sorted,red_black_tree,8000,6,8388651054,8000,471917,58.989625,23,576104,1635173215277910258
lookup,nearly_sorted,ordinary_bst,8000,6,8388651054,8000,86200458,10775.057250,7624,512024,1635173215277910258
read_heavy,random,red_black_tree,8000,0,8388649841,16000,662875,41.429688,17,576104,238724093827291368
read_heavy,random,sorted_vector,8000,0,8388649841,16000,6317666,394.854125,,511712,238724093827291368
read_heavy,random,ordinary_bst,8000,0,8388649841,16000,2269167,141.822937,1458,512024,238724093827291368
read_heavy,random,red_black_tree,8000,1,8388649585,16000,672375,42.023438,17,576104,18387526851707816144
read_heavy,random,sorted_vector,8000,1,8388649585,16000,6368959,398.059937,,511712,18387526851707816144
read_heavy,random,ordinary_bst,8000,1,8388649585,16000,2217167,138.572937,1461,512024,18387526851707816144
read_heavy,random,red_black_tree,8000,2,8388650353,16000,661375,41.335938,18,576104,14165465018269358462
read_heavy,random,ordinary_bst,8000,2,8388650353,16000,2276375,142.273438,1466,512024,14165465018269358462
read_heavy,random,sorted_vector,8000,2,8388650353,16000,6300334,393.770875,,511712,14165465018269358462
read_heavy,random,ordinary_bst,8000,3,8388650097,16000,2259583,141.223938,1454,512024,5906355072567082058
read_heavy,random,sorted_vector,8000,3,8388650097,16000,6327792,395.487000,,511712,5906355072567082058
read_heavy,random,red_black_tree,8000,3,8388650097,16000,661834,41.364625,18,576104,5906355072567082058
read_heavy,random,ordinary_bst,8000,4,8388650865,16000,2249167,140.572937,1431,512024,1289015074683881658
read_heavy,random,sorted_vector,8000,4,8388650865,16000,6105875,381.617188,,511712,1289015074683881658
read_heavy,random,red_black_tree,8000,4,8388650865,16000,616042,38.502625,18,576104,1289015074683881658
read_heavy,random,red_black_tree,8000,5,8388650609,16000,625750,39.109375,17,576104,3433222745365879680
read_heavy,random,sorted_vector,8000,5,8388650609,16000,6067583,379.223937,,511712,3433222745365879680
read_heavy,random,ordinary_bst,8000,5,8388650609,16000,2139375,133.710938,1451,512024,3433222745365879680
read_heavy,random,red_black_tree,8000,6,8388651377,16000,611333,38.208312,17,576104,230618603946902083
read_heavy,random,ordinary_bst,8000,6,8388651377,16000,2205375,137.835938,1493,512024,230618603946902083
read_heavy,random,sorted_vector,8000,6,8388651377,16000,6254458,390.903625,,511712,230618603946902083
update_heavy,random,sorted_vector,8000,0,8388649933,16000,22509167,1406.822938,,511712,8289404682366443026
update_heavy,random,ordinary_bst,8000,0,8388649933,16000,81755084,5109.692750,4385,512024,8289404682366443026
update_heavy,random,red_black_tree,8000,0,8388649933,16000,981916,61.369750,18,576104,8289404682366443026
update_heavy,random,ordinary_bst,8000,1,8388649677,16000,89893541,5618.346312,4373,512024,10065335022382124492
update_heavy,random,sorted_vector,8000,1,8388649677,16000,22522084,1407.630250,,511712,10065335022382124492
update_heavy,random,red_black_tree,8000,1,8388649677,16000,1014583,63.411437,20,576104,10065335022382124492
update_heavy,random,ordinary_bst,8000,2,8388650445,16000,84961792,5310.112000,4393,512024,6898182940492274590
update_heavy,random,red_black_tree,8000,2,8388650445,16000,965458,60.341125,20,576104,6898182940492274590
update_heavy,random,sorted_vector,8000,2,8388650445,16000,22753875,1422.117188,,511712,6898182940492274590
update_heavy,random,red_black_tree,8000,3,8388650189,16000,1013417,63.338563,19,576104,16381537871894580719
update_heavy,random,sorted_vector,8000,3,8388650189,16000,22030834,1376.927125,,511712,16381537871894580719
update_heavy,random,ordinary_bst,8000,3,8388650189,16000,86654333,5415.895812,4391,512024,16381537871894580719
update_heavy,random,ordinary_bst,8000,4,8388650957,16000,86057209,5378.575563,4384,512024,17877936131539745519
update_heavy,random,red_black_tree,8000,4,8388650957,16000,975209,60.950562,19,576104,17877936131539745519
update_heavy,random,sorted_vector,8000,4,8388650957,16000,21483666,1342.729125,,511712,17877936131539745519
update_heavy,random,red_black_tree,8000,5,8388650701,16000,919666,57.479125,19,576104,2507661539100929629
update_heavy,random,sorted_vector,8000,5,8388650701,16000,22420334,1401.270875,,511712,2507661539100929629
update_heavy,random,ordinary_bst,8000,5,8388650701,16000,75649500,4728.093750,4447,512024,2507661539100929629
update_heavy,random,red_black_tree,8000,6,8388651469,16000,956625,59.789062,20,576104,13516151753611059726
update_heavy,random,sorted_vector,8000,6,8388651469,16000,22218750,1388.671875,,511712,13516151753611059726
update_heavy,random,ordinary_bst,8000,6,8388651469,16000,77681417,4855.088563,4418,512024,13516151753611059726
